Data;Producto;unidades;coste_unitario;precio_venta;tipo_saida
01/01/2020;A;43;200;410;VENTA
01/01/2020;A;21;200;410;VENTA
01/01/2020;A;44;200;410;VENTA
01/01/2020;B;39;165;300;VENTA
01/01/2020;B;16;165;300;VENTA
01/01/2020;C;2;140;220;VENTA
01/01/2020;C;41;140;220;VENTA
01/01/2020;C;42;140;220;VENTA
01/01/2020;C;1;140;220;VENTA
01/01/2020;C;25;140;220;VENTA
01/01/2020;C;77;140;220;VENTA
02/01/2020;B;28;165;300;VENTA
02/01/2020;B;27;165;300;VENTA
02/01/2020;C;48;140;220;VENTA
02/01/2020;C;32;140;220;VENTA
02/01/2020;C;15;140;220;VENTA
02/01/2020;C;62;140;220;VENTA
02/01/2020;C;31;140;220;VENTA
03/01/2020;A;44;200;410;VENTA
03/01/2020;A;37;200;410;VENTA
03/01/2020;C;30;140;220;VENTA
03/01/2020;C;47;140;220;VENTA
03/01/2020;C;77;140;220;VENTA
03/01/2020;C;47;140;220;VENTA
04/01/2020;A;47;200;410;VENTA
04/01/2020;A;6;200;410;VENTA
04/01/2020;A;31;200;410;VENTA
04/01/2020;C;47;140;220;VENTA
04/01/2020;C;16;140;220;VENTA
04/01/2020;C;10;140;220;DEFECTUOSO
04/01/2020;C;21;140;220;VENTA
04/01/2020;C;35;140;220;VENTA
04/01/2020;C;62;140;220;VENTA
05/01/2020;A;40;200;410;VENTA
05/01/2020;B;35;165;300;VENTA
05/01/2020;C;27;140;220;VENTA
05/01/2020;C;17;140;220;VENTA
05/01/2020;C;5;140;220;VENTA
05/01/2020;C;35;140;220;VENTA
05/01/2020;C;25;140;220;VENTA
06/01/2020;A;30;200;410;VENTA
06/01/2020;A;11;200;410;VENTA
06/01/2020;B;25;165;300;VENTA
06/01/2020;B;7;165;300;VENTA
06/01/2020;B;7;165;300;VENTA
06/01/2020;B;33;165;300;VENTA
06/01/2020;C;15;140;220;VENTA
06/01/2020;C;24;140;220;Venta
06/01/2020;C;22;140;220;VENTA
06/01/2020;C;52;140;220;VENTA
06/01/2020;C;18;140;220;VENTA
07/01/2020;A;6;200;410;VENTA
07/01/2020;A;38;200;410;VENTA
07/01/2020;A;29;200;410;VENTA
07/01/2020;A;32;200;410;VENTA
07/01/2020;A;45;200;410;VENTA
07/01/2020;A;37;200;410;VENTA
07/01/2020;A;29;200;410;VENTA
07/01/2020;B;37;165;300;VENTA
07/01/2020;B;24;165;300;VENTA
07/01/2020;B;37;165;300;VENTA
07/01/2020;C;28;140;220;VENTA
07/01/2020;C;4;140;220;VENTA
07/01/2020;C;4;140;220;DEFECTUOSO
07/01/2020;C;32;140;220;VENTA
08/01/2020;A;14;200;410;VENTA
08/01/2020;B;37;165;300;VENTA
08/01/2020;B;2;165;300;VENTA
09/01/2020;A;39;200;410;VENTA
09/01/2020;B;21;165;300;VENTA
09/01/2020;B;9;165;300;VENTA
09/01/2020;C;48;140;220;VENTA
09/01/2020;C;65;140;220;VENTA
10/01/2020;A;26;200;410;VENTA
10/01/2020;A;17;200;410;VENTA
10/01/2020;A;21;200;410;VENTA
10/01/2020;B;18;165;300;VENTA
10/01/2020;B;23;165;300;VENTA
10/01/2020;C;21;140;220;VENTA
10/01/2020;C;43;140;220;VENTA
10/01/2020;C;41;140;220;VENTA
11/01/2020;A;22;200;410;VENTA
11/01/2020;A;30;200;410;VENTA
11/01/2020;A;41;200;410;VENTA
11/01/2020;B;50;165;300;VENTA
11/01/2020;B;24;165;300;VENTA
11/01/2020;C;28;140;220;VENTA
11/01/2020;C;39;140;220;VENTA
11/01/2020;C;69;140;220;VENTA
12/01/2020;A;8;200;410;VENTA
12/01/2020;A;14;200;410;VENTA
12/01/2020;B;42;165;300;VENTA
12/01/2020;B;1;165;300;DEFECTUOSO
12/01/2020;C;50;140;220;VENTA
13/01/2020;A;7;200;410;VENTA
13/01/2020;A;3;200;410;VENTA
13/01/2020;A;48;200;410;VENTA
13/01/2020;A;3;200;410;VENTA
13/01/2020;B;16;165;300;VENTA
13/01/2020;B;25;165;300;VENTA
13/01/2020;C;23;140;220;VENTA
13/01/2020;C;36;140;220;VENTA
13/01/2020;C;36;140;220;VENTA
13/01/2020;C;2;140;220;VENTA
13/01/2020;C;27;140;220;VENTA
13/01/2020;C;27;140;220;VENTA
14/01/2020;B;26;165;300;VENTA
14/01/2020;C;43;140;220;VENTA
14/01/2020;C;5;140;220;VENTA
15/01/2020;A;12;200;410;VENTA
15/01/2020;B;31;165;300;VENTA
15/01/2020;B;6;165;300;Venta
15/01/2020;C;34;140;220;VENTA
15/01/2020;C;28;140;220;VENTA
16/01/2020;A;13;200;410;VENTA
16/01/2020;B;19;165;300;VENTA
16/01/2020;C;31;140;220;VENTA
16/01/2020;C;32;140;220;VENTA
16/01/2020;C;79;140;220;VENTA
17/01/2020;B;24;165;300;VENTA
17/01/2020;B;50;165;300;VENTA
17/01/2020;C;22;140;220;VENTA
17/01/2020;C;69;140;220;VENTA
18/01/2020;A;39;200;410;VENTA
18/01/2020;B;35;165;300;VENTA
18/01/2020;B;15;165;300;VENTA
18/01/2020;C;43;140;220;VENTA
18/01/2020;C;73;140;220;VENTA
19/01/2020;A;26;200;410;VENTA
19/01/2020;B;14;165;300;VENTA
19/01/2020;B;44;165;300;VENTA
19/01/2020;B;22;165;300;VENTA
19/01/2020;C;31;140;220;VENTA
20/01/2020;B;32;165;300;VENTA
20/01/2020;B;23;165;300;VENTA
20/01/2020;B;4;165;300;VENTA
20/01/2020;C;5;140;220;VENTA
20/01/2020;C;28;140;220;VENTA
20/01/2020;C;19;140;220;VENTA
20/01/2020;C;22;140;220;VENTA
20/01/2020;C;59;140;220;VENTA
20/01/2020;C;45;140;220;VENTA
21/01/2020;A;29;200;410;VENTA
21/01/2020;B;50;165;300;VENTA
21/01/2020;B;39;165;300;VENTA
21/01/2020;C;22;140;220;VENTA
21/01/2020;C;38;140;220;VENTA
21/01/2020;C;39;140;220;VENTA
21/01/2020;C;48;140;220;VENTA
21/01/2020;C;26;140;220;VENTA
22/01/2020;A;48;200;410;VENTA
22/01/2020;A;22;200;410;VENTA
22/01/2020;A;44;200;410;VENTA
22/01/2020;B;29;165;300;VENTA
22/01/2020;C;15;140;220;VENTA
23/01/2020;A;2;200;410;VENTA
23/01/2020;C;40;140;220;VENTA
23/01/2020;C;34;140;220;venta
23/01/2020;C;49;140;220;VENTA
23/01/2020;C;15;140;220;VENTA
23/01/2020;C;80;140;220;VENTA
24/01/2020;C;17;140;220;VENTA
25/01/2020;A;44;200;410;VENTA
25/01/2020;B;5;165;300;VENTA
25/01/2020;B;27;165;300;VENTA
25/01/2020;B;29;165;300;VENTA
25/01/2020;C;6;140;220;VENTA
25/01/2020;C;32;140;220;VENTA
25/01/2020;C;81;140;220;VENTA
25/01/2020;C;22;140;220;VENTA
26/01/2020;A;41;200;410;VENTA
26/01/2020;A;8;200;410;VENTA
26/01/2020;B;45;165;300;VENTA
26/01/2020;C;13;140;220;VENTA
26/01/2020;C;20;140;220;VENTA
26/01/2020;C;29;140;220;VENTA
27/01/2020;A;22;200;410;VENTA
27/01/2020;A;27;200;410;VENTA
27/01/2020;A;37;200;410;VENTA
27/01/2020;B;43;165;300;VENTA
27/01/2020;B;34;165;300;VENTA
27/01/2020;B;7;165;300;VENTA
27/01/2020;B;42;165;300;VENTA
27/01/2020;C;43;140;220;VENTA
27/01/2020;C;31;140;220;VENTA
27/01/2020;C;47;140;220;VENTA
27/01/2020;C;35;140;220;VENTA
27/01/2020;C;24;140;220;VENTA
27/01/2020;C;60;140;220;VENTA
28/01/2020;A;10;200;410;VENTA
28/01/2020;A;48;200;410;VENTA
28/01/2020;C;57;140;220;VENTA
29/01/2020;A;3;140;410;DEFECTUOSO
01/02/2020;A;36;200;410;VENTA
01/02/2020;B;5;165;300;VENTA
01/02/2020;C;23;140;220;VENTA
01/02/2020;C;46;140;220;VENTA
01/02/2020;C;36;140;220;VENTA
02/02/2020;A;13;200;410;VENTA
02/02/2020;A;4;200;410;VENTA
02/02/2020;A;25;200;410;VENTA
02/02/2020;B;40;165;300;VENTA
02/02/2020;C;5;140;220;VENTA
02/02/2020;C;32;140;220;VENTA
03/02/2020;A;44;200;410;VENTA
03/02/2020;B;8;165;300;VENTA
03/02/2020;C;27;140;220;VENTA
03/02/2020;C;9;140;220;VENTA
03/02/2020;C;41;140;220;VENTA
03/02/2020;C;32;140;220;VENTA
03/02/2020;C;8;140;220;VENTA
03/02/2020;C;77;140;220;VENTA
03/02/2020;C;78;140;220;VENTA
04/02/2020;B;11;165;300;VENTA
04/02/2020;B;35;165;300;VENTA
04/02/2020;B;11;165;300;VENTA
04/02/2020;C;15;140;220;VENTA
04/02/2020;C;59;140;220;VENTA
05/02/2020;A;46;200;410;VENTA
05/02/2020;A;23;200;410;VENTA
05/02/2020;C;49;140;220;VENTA
05/02/2020;C;42;140;220;VENTA
06/02/2020;A;11;200;410;VENTA
06/02/2020;B;15;165;300;VENTA
06/02/2020;B;14;165;300;VENTA
06/02/2020;B;37;165;300;VENTA
06/02/2020;B;39;165;300;VENTA
06/02/2020;C;28;140;220;VENTA
06/02/2020;C;27;140;220;VENTA
06/02/2020;C;16;140;220;VENTA
06/02/2020;C;43;140;220;VENTA
06/02/2020;C;41;140;220;VENTA
06/02/2020;C;23;140;220;VENTA
06/02/2020;C;64;140;220;VENTA
07/02/2020;A;42;200;410;VENTA
07/02/2020;A;34;200;410;VENTA
07/02/2020;B;16;165;300;VENTA
07/02/2020;B;17;165;300;VENTA
07/02/2020;B;24;165;300;VENTA
07/02/2020;B;9;165;300;DEFECTUOSO
07/02/2020;C;43;140;220;VENTA
07/02/2020;C;14;140;220;VENTA
07/02/2020;C;10;140;220;VENTA
07/02/2020;C;49;140;220;VENTA
08/02/2020;A;18;200;410;VENTA
08/02/2020;A;20;200;410;VENTA
08/02/2020;A;34;200;410;VENTA
08/02/2020;B;40;165;300;VENTA
08/02/2020;B;5;165;300;VENTA
08/02/2020;C;41;140;220;VENTA
08/02/2020;C;15;140;220;VENTA
08/02/2020;C;46;140;220;VENTA
08/02/2020;C;45;140;220;VENTA
09/02/2020;A;33;200;410;VENTA
09/02/2020;A;27;200;410;VENTA
09/02/2020;A;36;200;410;VENTA
09/02/2020;C;39;140;220;VENTA
10/02/2020;A;9;200;410;VENTA
10/02/2020;A;15;200;410;VENTA
10/02/2020;B;15;165;300;VENTA
10/02/2020;B;23;165;300;VENTA
11/02/2020;A;35;200;410;VENTA
11/02/2020;A;7;200;410;VENTA
11/02/2020;B;32;165;300;VENTA
11/02/2020;B;28;165;300;VENTA
12/02/2020;A;7;200;410;VENTA
12/02/2020;A;27;200;410;VENTA
12/02/2020;A;20;200;410;VENTA
12/02/2020;C;22;140;220;VENTA
13/02/2020;A;40;200;410;VENTA
13/02/2020;A;8;200;410;VENTA
13/02/2020;A;45;200;410;VENTA
13/02/2020;B;46;165;300;VENTA
13/02/2020;B;39;165;300;VENTA
13/02/2020;B;27;165;300;VENTA
13/02/2020;B;40;165;300;VENTA
13/02/2020;C;40;140;220;VENTA
14/02/2020;A;47;200;410;VENTA
14/02/2020;B;41;165;300;VENTA
14/02/2020;B;1;165;300;VENTA
14/02/2020;B;48;165;300;VENTA
14/02/2020;C;2;140;220;VENTA
14/02/2020;C;30;140;220;VENTA
15/02/2020;A;13;200;410;VENTA
15/02/2020;A;21;200;410;VENTA
15/02/2020;B;22;165;300;VENTA
15/02/2020;C;5;140;220;VENTA
15/02/2020;C;6;140;220;VENTA
16/02/2020;A;45;200;410;VENTA
16/02/2020;A;21;200;410;VENTA
16/02/2020;B;6;165;300;VENTA
16/02/2020;B;38;165;300;VENTA
16/02/2020;C;5;140;220;VENTA
17/02/2020;A;16;200;410;VENTA
17/02/2020;B;22;165;300;VENTA
17/02/2020;B;25;165;300;VENTA
17/02/2020;C;5;140;220;VENTA
17/02/2020;C;35;140;220;VENTA
17/02/2020;C;28;140;220;VENTA
17/02/2020;C;45;140;220;VENTA
18/02/2020;A;32;200;410;VENTA
18/02/2020;A;47;200;410;VENTA
18/02/2020;C;61;140;220;VENTA
19/02/2020;A;13;200;410;VENTA
19/02/2020;A;37;200;410;VENTA
19/02/2020;B;47;165;300;VENTA
19/02/2020;C;17;140;220;VENTA
19/02/2020;C;24;140;220;VENTA
19/02/2020;C;25;140;220;VENTA
20/02/2020;A;14;200;410;VENTA
20/02/2020;A;6;200;410;VENTA
20/02/2020;A;43;200;410;VENTA
20/02/2020;A;4;200;410;VENTA
20/02/2020;A;15;200;410;VENTA
20/02/2020;B;24;165;300;VENTA
20/02/2020;B;44;165;300;VENTA
20/02/2020;C;49;140;220;VENTA
20/02/2020;C;10;140;220;VENTA
20/02/2020;C;26;140;220;VENTA
20/02/2020;C;42;140;220;VENTA
20/02/2020;C;51;140;220;VENTA
21/02/2020;A;43;200;410;VENTA
21/02/2020;A;11;200;410;VENTA
21/02/2020;B;44;165;300;VENTA
21/02/2020;B;47;165;300;VENTA
21/02/2020;B;21;165;300;VENTA
21/02/2020;B;25;165;300;VENTA
21/02/2020;C;1;140;220;VENTA
21/02/2020;C;19;140;220;VENTA
21/02/2020;C;52;140;220;VENTA
22/02/2020;A;43;200;410;VENTA
22/02/2020;B;2;165;300;VENTA
22/02/2020;B;10;165;300;VENTA
22/02/2020;C;23;140;220;VENTA
22/02/2020;C;30;140;220;VENTA
23/02/2020;A;13;200;410;VENTA
23/02/2020;C;42;140;220;VENTA
23/02/2020;C;33;140;220;VENTA
23/02/2020;C;31;140;220;VENTA
24/02/2020;A;40;200;410;VENTA
24/02/2020;C;51;140;220;VENTA
25/02/2020;A;2;200;410;VENTA
25/02/2020;A;12;200;410;VENTA
25/02/2020;B;5;165;300;VENTA
25/02/2020;B;20;165;300;VENTA
25/02/2020;C;7;140;220;VENTA
25/02/2020;C;25;140;220;VENTA
25/02/2020;C;39;140;220;VENTA
25/02/2020;C;26;140;220;VENTA
25/02/2020;C;46;140;220;VENTA
26/02/2020;A;21;200;410;VENTA
26/02/2020;B;10;165;300;VENTA
26/02/2020;B;24;165;300;VENTA
26/02/2020;B;27;165;300;VENTA
26/02/2020;B;10;165;300;VENTA
26/02/2020;C;33;140;220;VENTA
26/02/2020;C;47;140;220;VENTA
26/02/2020;C;43;140;220;VENTA
27/02/2020;B;31;165;300;VENTA
27/02/2020;B;32;165;300;VENTA
27/02/2020;C;40;140;220;VENTA
28/02/2020;A;15;200;410;VENTA
28/02/2020;A;38;200;410;VENTA
28/02/2020;B;42;165;300;VENTA
28/02/2020;B;31;165;300;VENTA
28/02/2020;C;47;140;220;VENTA
28/02/2020;C;28;140;220;VENTA
01/03/2020;A;15;200;410;VENTA
01/03/2020;A;8;200;410;DEFECTUOSO
01/03/2020;C;40;140;220;VENTA
01/03/2020;C;18;140;220;VENTA
01/03/2020;C;25;140;220;VENTA
01/03/2020;C;36;140;220;VENTA
01/03/2020;C;16;140;220;VENTA
01/03/2020;C;73;140;220;VENTA
01/03/2020;C;16;140;220;VENTA
01/03/2020;C;56;140;220;VENTA
02/03/2020;A;9;200;410;VENTA
02/03/2020;A;48;200;410;VENTA
02/03/2020;A;35;200;410;VENTA
02/03/2020;A;27;200;410;VENTA
02/03/2020;A;37;200;410;VENTA
02/03/2020;A;21;200;410;VENTA
02/03/2020;B;44;165;300;VENTA
02/03/2020;B;24;165;300;VENTA
02/03/2020;C;45;140;220;VENTA
02/03/2020;C;36;140;220;VENTA
02/03/2020;C;22;140;220;VENTA
02/03/2020;C;77;140;220;VENTA
03/03/2020;A;46;200;410;VENTA
03/03/2020;A;1;200;410;VENTA
03/03/2020;B;36;165;300;VENTA
03/03/2020;B;25;165;300;VENTA
03/03/2020;C;27;140;220;VENTA
04/03/2020;A;15;200;410;VENTA
04/03/2020;A;7;200;410;VENTA
04/03/2020;B;29;165;300;VENTA
04/03/2020;B;19;165;300;VENTA
04/03/2020;B;36;165;300;VENTA
04/03/2020;B;9;165;300;VENTA
04/03/2020;B;36;165;300;VENTA
04/03/2020;B;37;165;300;VENTA
04/03/2020;C;31;140;220;VENTA
04/03/2020;C;8;140;220;VENTA
04/03/2020;C;29;140;220;VENTA
04/03/2020;C;78;140;220;VENTA
04/03/2020;C;67;140;220;VENTA
05/03/2020;A;15;200;410;VENTA
05/03/2020;A;47;200;410;VENTA
05/03/2020;A;8;200;410;VENTA
05/03/2020;A;23;200;410;VENTA
05/03/2020;A;28;200;410;VENTA
05/03/2020;C;45;140;220;VENTA
05/03/2020;C;37;140;220;VENTA
06/03/2020;B;20;165;300;VENTA
06/03/2020;B;43;165;300;VENTA
06/03/2020;B;50;165;300;VENTA
06/03/2020;C;22;140;220;VENTA
06/03/2020;C;41;140;220;VENTA
06/03/2020;C;14;140;220;VENTA
07/03/2020;A;20;200;410;VENTA
07/03/2020;A;15;200;410;VENTA
07/03/2020;A;48;200;410;VENTA
07/03/2020;B;29;165;300;VENTA
07/03/2020;B;48;165;300;VENTA
07/03/2020;B;42;165;300;VENTA
07/03/2020;B;15;165;300;VENTA
07/03/2020;C;22;140;220;VENTA
07/03/2020;C;26;140;220;VENTA
07/03/2020;C;81;140;220;VENTA
08/03/2020;A;23;200;410;VENTA
08/03/2020;C;46;140;220;VENTA
09/03/2020;A;13;200;410;VENTA
09/03/2020;A;30;200;410;VENTA
09/03/2020;A;34;200;410;VENTA
09/03/2020;A;28;200;410;VENTA
09/03/2020;B;42;165;300;VENTA
09/03/2020;B;24;165;300;VENTA
09/03/2020;C;24;140;220;VENTA
10/03/2020;A;1;200;410;VENTA
10/03/2020;A;37;200;410;VENTA
10/03/2020;A;48;200;410;VENTA
10/03/2020;A;36;200;410;VENTA
10/03/2020;B;20;165;300;VENTA
11/03/2020;A;15;200;410;VENTA
11/03/2020;B;11;165;300;VENTA
11/03/2020;B;41;165;300;VENTA
11/03/2020;C;21;140;220;VENTA
11/03/2020;C;22;140;220;VENTA
11/03/2020;C;39;140;220;VENTA
11/03/2020;C;44;140;220;VENTA
11/03/2020;C;11;140;220;VENTA
11/03/2020;C;68;140;220;VENTA
12/03/2020;A;36;200;410;VENTA
12/03/2020;A;32;200;410;VENTA
12/03/2020;B;25;165;300;VENTA
12/03/2020;B;49;165;300;VENTA
12/03/2020;B;25;165;300;VENTA
12/03/2020;B;47;165;300;VENTA
12/03/2020;C;24;140;220;VENTA
12/03/2020;C;19;140;220;VENTA
13/03/2020;A;17;200;410;VENTA
13/03/2020;A;9;200;410;VENTA
13/03/2020;B;6;165;300;VENTA
13/03/2020;B;40;165;300;VENTA
13/03/2020;C;20;140;220;VENTA
13/03/2020;C;1;140;220;VENTA
13/03/2020;C;65;140;220;VENTA
13/03/2020;C;74;140;220;VENTA
14/03/2020;A;24;200;410;VENTA
14/03/2020;A;37;200;410;VENTA
14/03/2020;A;50;200;410;VENTA
14/03/2020;A;5;200;410;VENTA
14/03/2020;A;4;200;410;VENTA
14/03/2020;A;1;200;410;VENTA
14/03/2020;C;33;140;220;VENTA
14/03/2020;C;40;140;220;VENTA
14/03/2020;C;26;140;220;VENTA
15/03/2020;A;16;200;410;VENTA
15/03/2020;A;31;200;410;VENTA
15/03/2020;A;11;200;410;VENTA
15/03/2020;A;49;200;410;VENTA
15/03/2020;B;20;165;300;VENTA
15/03/2020;B;14;165;300;VENTA
15/03/2020;B;26;165;300;VENTA
15/03/2020;C;17;140;220;VENTA
15/03/2020;C;38;140;220;VENTA
16/03/2020;A;49;200;410;VENTA
16/03/2020;A;44;200;410;VENTA
16/03/2020;B;45;165;300;VENTA
16/03/2020;B;49;165;300;VENTA
16/03/2020;B;48;165;300;VENTA
16/03/2020;C;31;140;220;VENTA
16/03/2020;C;57;140;220;VENTA
17/03/2020;B;25;165;300;VENTA
17/03/2020;B;20;165;300;VENTA
17/03/2020;C;34;140;220;VENTA
17/03/2020;C;21;140;220;VENTA
17/03/2020;C;10;140;220;VENTA
17/03/2020;C;58;140;220;VENTA
18/03/2020;A;25;200;410;VENTA
18/03/2020;A;3;200;410;VENTA
18/03/2020;B;37;165;300;VENTA
18/03/2020;B;45;165;300;VENTA
18/03/2020;B;7;165;300;VENTA
18/03/2020;B;47;165;300;VENTA
18/03/2020;B;25;165;300;VENTA
18/03/2020;C;31;140;220;VENTA
18/03/2020;C;64;140;220;VENTA
18/03/2020;C;21;140;220;VENTA
18/03/2020;C;76;140;220;VENTA
19/03/2020;B;9;165;300;DEFECTUOSO
19/03/2020;B;38;165;300;VENTA
19/03/2020;B;12;165;300;VENTA
19/03/2020;B;22;165;300;VENTA
19/03/2020;C;21;140;220;VENTA
19/03/2020;C;9;140;220;VENTA
19/03/2020;C;19;140;220;VENTA
19/03/2020;C;30;140;220;VENTA
20/03/2020;A;2;200;410;VENTA
20/03/2020;A;33;200;410;VENTA
20/03/2020;A;15;200;410;VENTA
20/03/2020;B;12;165;300;VENTA
20/03/2020;B;26;165;300;VENTA
20/03/2020;C;42;140;220;VENTA
20/03/2020;C;12;140;220;VENTA
20/03/2020;C;50;140;220;VENTA
20/03/2020;C;29;140;220;VENTA
21/03/2020;A;2;200;410;VENTA
21/03/2020;A;20;200;410;VENTA
21/03/2020;A;4;200;410;VENTA
21/03/2020;B;46;165;300;VENTA
21/03/2020;B;12;165;300;VENTA
21/03/2020;C;15;140;220;VENTA
21/03/2020;C;32;140;220;VENTA
21/03/2020;C;38;140;220;VENTA
21/03/2020;C;79;140;220;VENTA
22/03/2020;A;37;200;410;VENTA
22/03/2020;B;20;165;300;VENTA
22/03/2020;B;4;165;300;VENTA
22/03/2020;B;16;165;300;VENTA
22/03/2020;B;31;165;300;VENTA
22/03/2020;B;12;165;300;VENTA
22/03/2020;C;41;140;220;VENTA
23/03/2020;A;39;200;410;VENTA
23/03/2020;A;46;200;410;VENTA
23/03/2020;A;32;200;410;VENTA
23/03/2020;A;33;200;410;VENTA
23/03/2020;B;19;165;300;VENTA
23/03/2020;B;3;165;300;VENTA
23/03/2020;C;44;140;220;VENTA
23/03/2020;C;46;140;220;VENTA
23/03/2020;C;37;140;220;VENTA
23/03/2020;C;58;140;220;VENTA
23/03/2020;C;32;140;220;VENTA
24/03/2020;A;2;200;410;VENTA
24/03/2020;C;11;140;220;VENTA
24/03/2020;C;36;140;220;VENTA
24/03/2020;C;8;140;220;VENTA
24/03/2020;C;38;140;220;VENTA
25/03/2020;A;24;200;410;VENTA
25/03/2020;A;31;200;410;VENTA
25/03/2020;B;15;165;300;VENTA
25/03/2020;B;13;165;300;VENTA
25/03/2020;C;26;140;220;VENTA
26/03/2020;A;43;200;410;VENTA
26/03/2020;A;11;200;410;VENTA
26/03/2020;B;17;165;300;VENTA
26/03/2020;C;34;140;220;VENTA
27/03/2020;A;39;200;410;VENTA
27/03/2020;A;10;200;410;VENTA
27/03/2020;C;43;140;220;VENTA
27/03/2020;C;22;140;220;VENTA
27/03/2020;C;74;140;220;VENTA
28/03/2020;A;21;200;410;VENTA
28/03/2020;A;14;200;410;VENTA
28/03/2020;A;26;200;410;VENTA
28/03/2020;A;22;200;410;VENTA
28/03/2020;A;21;200;410;VENTA
28/03/2020;B;30;165;300;VENTA
28/03/2020;C;76;140;220;VENTA
01/04/2020;A;30;200;410;VENTA
01/04/2020;A;6;200;410;VENTA
01/04/2020;A;16;200;410;VENTA
01/04/2020;A;37;200;410;VENTA
01/04/2020;A;25;200;410;VENTA
01/04/2020;B;17;165;300;VENTA
01/04/2020;B;23;165;300;VENTA
01/04/2020;B;36;165;300;VENTA
01/04/2020;C;6;140;220;DEFECTUOSO
01/04/2020;C;20;140;220;VENTA
01/04/2020;C;35;140;220;VENTA
02/04/2020;A;13;200;410;VENTA
02/04/2020;A;45;200;410;VENTA
02/04/2020;A;29;200;410;VENTA
02/04/2020;A;44;200;410;VENTA
02/04/2020;A;14;200;410;VENTA
02/04/2020;A;21;200;410;VENTA
02/04/2020;B;17;165;300;VENTA
02/04/2020;B;37;165;300;VENTA
02/04/2020;B;50;165;300;VENTA
02/04/2020;B;38;165;300;VENTA
02/04/2020;C;46;140;220;VENTA
02/04/2020;C;9;140;220;VENTA
02/04/2020;C;37;140;220;VENTA
02/04/2020;C;32;140;220;VENTA
03/04/2020;A;30;200;410;VENTA
03/04/2020;A;50;200;410;VENTA
03/04/2020;A;3;200;410;VENTA
03/04/2020;B;15;165;300;VENTA
03/04/2020;B;44;165;300;VENTA
03/04/2020;B;41;165;300;VENTA
03/04/2020;C;4;140;220;VENTA
03/04/2020;C;30;140;220;VENTA
03/04/2020;C;53;140;220;VENTA
03/04/2020;C;26;140;220;VENTA
04/04/2020;B;18;165;300;VENTA
04/04/2020;B;16;165;300;VENTA
04/04/2020;C;21;140;220;VENTA
04/04/2020;C;48;140;220;VENTA
04/04/2020;C;55;140;220;VENTA
04/04/2020;C;62;140;220;VENTA
05/04/2020;A;17;200;410;VENTA
05/04/2020;A;43;200;410;VENTA
05/04/2020;A;11;200;410;VENTA
05/04/2020;A;41;200;410;VENTA
05/04/2020;A;25;200;410;VENTA
05/04/2020;B;7;165;300;VENTA
05/04/2020;C;6;140;220;VENTA
06/04/2020;A;39;200;410;VENTA
06/04/2020;A;36;200;410;VENTA
06/04/2020;A;30;200;410;VENTA
06/04/2020;A;31;200;410;VENTA
06/04/2020;A;34;200;410;VENTA
06/04/2020;B;14;165;300;VENTA
06/04/2020;C;31;140;220;VENTA
06/04/2020;C;45;140;220;VENTA
06/04/2020;C;49;140;220;VENTA
06/04/2020;C;13;140;220;VENTA
06/04/2020;C;6;140;220;VENTA
07/04/2020;A;27;200;410;VENTA
07/04/2020;A;4;200;410;VENTA
07/04/2020;B;39;165;300;VENTA
07/04/2020;B;4;165;300;VENTA
07/04/2020;C;7;140;220;VENTA
08/04/2020;A;5;200;410;VENTA
08/04/2020;A;20;200;410;VENTA
08/04/2020;A;33;200;410;VENTA
08/04/2020;A;19;200;410;VENTA
08/04/2020;C;49;140;220;VENTA
09/04/2020;A;17;200;410;VENTA
09/04/2020;A;24;200;410;VENTA
09/04/2020;B;36;165;300;VENTA
09/04/2020;B;49;165;300;VENTA
09/04/2020;C;35;140;220;VENTA
10/04/2020;A;14;200;410;VENTA
10/04/2020;B;42;165;300;VENTA
10/04/2020;B;29;165;300;VENTA
10/04/2020;C;3;140;220;VENTA
11/04/2020;A;41;200;410;VENTA
11/04/2020;A;35;200;410;VENTA
11/04/2020;B;43;165;300;VENTA
11/04/2020;B;8;165;300;VENTA
11/04/2020;B;37;165;300;VENTA
11/04/2020;C;27;140;220;VENTA
11/04/2020;C;32;140;220;VENTA
11/04/2020;C;6;140;220;VENTA
11/04/2020;C;11;140;220;VENTA
11/04/2020;C;37;140;220;VENTA
11/04/2020;C;44;140;220;VENTA
11/04/2020;C;71;140;220;VENTA
11/04/2020;C;42;140;220;VENTA
12/04/2020;A;28;200;410;VENTA
12/04/2020;B;40;165;300;VENTA
12/04/2020;B;33;165;300;VENTA
12/04/2020;C;9;140;220;VENTA
12/04/2020;C;77;140;220;VENTA
12/04/2020;C;61;140;220;VENTA
12/04/2020;C;75;140;220;VENTA
12/04/2020;C;16;140;220;VENTA
12/04/2020;C;47;140;220;VENTA
13/04/2020;A;5;200;410;VENTA
13/04/2020;A;17;200;410;VENTA
13/04/2020;A;9;200;410;VENTA
13/04/2020;B;23;165;300;VENTA
13/04/2020;C;22;140;220;VENTA
13/04/2020;C;47;140;220;VENTA
13/04/2020;C;7;140;220;VENTA
13/04/2020;C;44;140;220;VENTA
13/04/2020;C;43;140;220;VENTA
13/04/2020;C;21;140;220;VENTA
14/04/2020;A;50;200;410;VENTA
14/04/2020;B;47;165;300;VENTA
14/04/2020;B;46;165;300;VENTA
14/04/2020;B;36;165;300;VENTA
14/04/2020;C;48;140;220;VENTA
14/04/2020;C;31;140;220;VENTA
14/04/2020;C;47;140;220;VENTA
14/04/2020;C;12;140;220;VENTA
14/04/2020;C;67;140;220;VENTA
15/04/2020;A;17;200;410;VENTA
15/04/2020;B;14;165;300;VENTA
15/04/2020;C;81;140;220;VENTA
15/04/2020;C;16;140;220;VENTA
16/04/2020;A;18;200;410;VENTA
16/04/2020;A;29;200;410;VENTA
16/04/2020;A;6;200;410;VENTA
16/04/2020;A;6;200;410;VENTA
16/04/2020;B;49;165;300;VENTA
16/04/2020;B;36;165;300;VENTA
16/04/2020;B;47;165;300;VENTA
16/04/2020;B;35;165;300;VENTA
16/04/2020;C;28;140;220;VENTA
16/04/2020;C;15;140;220;VENTA
16/04/2020;C;36;140;220;VENTA
17/04/2020;A;14;200;410;VENTA
17/04/2020;C;42;140;220;VENTA
17/04/2020;C;32;140;220;VENTA
18/04/2020;B;4;165;300;VENTA
18/04/2020;B;27;165;300;VENTA
18/04/2020;C;9;140;220;VENTA
18/04/2020;C;37;140;220;VENTA
18/04/2020;C;15;140;220;VENTA
18/04/2020;C;67;140;220;VENTA
19/04/2020;A;35;200;410;VENTA
19/04/2020;A;48;200;410;VENTA
19/04/2020;A;46;200;410;VENTA
19/04/2020;B;27;165;300;VENTA
19/04/2020;C;15;140;220;VENTA
19/04/2020;C;27;140;220;VENTA
19/04/2020;C;47;140;220;VENTA
19/04/2020;C;66;140;220;VENTA
20/04/2020;B;11;165;300;VENTA
20/04/2020;B;18;165;300;VENTA
20/04/2020;C;30;140;220;VENTA
20/04/2020;C;21;140;220;VENTA
20/04/2020;C;50;140;220;VENTA
21/04/2020;A;12;200;410;VENTA
21/04/2020;A;24;200;410;VENTA
21/04/2020;A;12;200;410;VENTA
21/04/2020;A;26;200;410;VENTA
21/04/2020;B;12;165;300;defectuoso
21/04/2020;B;21;165;300;VENTA
21/04/2020;C;15;140;220;VENTA
21/04/2020;C;46;140;220;VENTA
21/04/2020;C;41;140;220;VENTA
21/04/2020;C;77;140;220;VENTA
22/04/2020;A;1;200;410;VENTA
22/04/2020;B;26;165;300;VENTA
22/04/2020;B;21;165;300;VENTA
22/04/2020;C;18;140;220;VENTA
22/04/2020;C;68;140;220;VENTA
23/04/2020;A;16;200;410;VENTA
23/04/2020;A;26;200;410;VENTA
23/04/2020;B;19;165;300;VENTA
23/04/2020;B;15;165;300;VENTA
23/04/2020;B;34;165;300;VENTA
23/04/2020;C;45;140;220;VENTA
23/04/2020;C;40;140;220;VENTA
23/04/2020;C;10;140;220;VENTA
23/04/2020;C;16;140;220;VENTA
23/04/2020;C;10;140;220;VENTA
23/04/2020;C;44;140;220;VENTA
24/04/2020;A;29;200;410;VENTA
24/04/2020;B;19;165;300;VENTA
24/04/2020;B;26;165;300;VENTA
24/04/2020;B;7;165;300;VENTA
24/04/2020;B;36;165;300;VENTA
24/04/2020;C;49;140;220;VENTA
24/04/2020;C;62;140;220;VENTA
24/04/2020;C;70;140;220;VENTA
25/04/2020;A;25;200;410;VENTA
25/04/2020;A;1;200;410;VENTA
25/04/2020;A;29;200;410;VENTA
25/04/2020;B;47;165;300;VENTA
25/04/2020;B;24;165;300;VENTA
25/04/2020;B;32;165;300;VENTA
26/04/2020;A;34;200;410;VENTA
26/04/2020;C;2;140;220;VENTA
26/04/2020;C;33;140;220;VENTA
27/04/2020;B;27;165;300;VENTA
27/04/2020;B;34;165;300;VENTA
27/04/2020;C;4;140;220;VENTA
27/04/2020;C;27;140;220;VENTA
27/04/2020;C;83;140;220;VENTA
27/04/2020;C;18;140;220;VENTA
27/04/2020;C;25;140;220;VENTA
28/04/2020;A;30;200;410;VENTA
28/04/2020;A;50;200;410;VENTA
28/04/2020;A;31;200;410;VENTA
28/04/2020;A;32;200;410;VENTA
28/04/2020;A;2;200;410;VENTA
28/04/2020;A;21;200;410;VENTA
28/04/2020;A;39;200;410;VENTA
28/04/2020;A;49;200;410;VENTA
28/04/2020;A;18;200;410;VENTA
28/04/2020;B;29;165;300;VENTA
28/04/2020;B;19;165;300;VENTA
28/04/2020;C;9;140;220;VENTA
01/05/2020;A;26;200;410;VENTA
01/05/2020;A;41;200;410;VENTA
01/05/2020;B;32;165;300;VENTA
01/05/2020;B;49;165;300;VENTA
01/05/2020;B;22;165;300;VENTA
01/05/2020;C;44;140;220;VENTA
01/05/2020;C;37;140;220;VENTA
02/05/2020;A;9;200;410;VENTA
02/05/2020;A;50;200;410;VENTA
02/05/2020;B;37;165;300;VENTA
02/05/2020;C;1;140;220;VENTA
02/05/2020;C;47;140;220;VENTA
02/05/2020;C;40;140;220;VENTA
03/05/2020;A;15;200;410;VENTA
03/05/2020;B;14;165;300;VENTA
03/05/2020;C;14;140;220;VENTA
03/05/2020;C;5;140;220;VENTA
03/05/2020;C;38;140;220;VENTA
03/05/2020;C;26;140;220;VENTA
03/05/2020;C;29;140;220;VENTA
03/05/2020;C;63;140;220;VENTA
03/05/2020;C;62;140;220;VENTA
03/05/2020;C;64;140;220;VENTA
04/05/2020;A;11;200;410;VENTA
04/05/2020;B;19;165;300;VENTA
04/05/2020;C;21;140;220;VENTA
04/05/2020;C;21;140;220;VENTA
04/05/2020;C;5;140;220;VENTA
04/05/2020;C;27;140;220;VENTA
05/05/2020;A;40;200;410;VENTA
05/05/2020;C;41;140;220;VENTA
05/05/2020;C;38;140;220;VENTA
05/05/2020;C;24;140;220;VENTA
05/05/2020;C;17;140;220;VENTA
05/05/2020;C;12;140;220;VENTA
05/05/2020;C;66;140;220;VENTA
06/05/2020;A;31;200;410;VENTA
06/05/2020;A;2;200;410;VENTA
06/05/2020;A;33;200;410;VENTA
06/05/2020;A;17;200;410;VENTA
06/05/2020;A;42;200;410;VENTA
06/05/2020;C;26;140;220;VENTA
06/05/2020;C;6;140;220;VENTA
06/05/2020;C;53;140;220;VENTA
06/05/2020;C;72;140;220;VENTA
06/05/2020;C;45;140;220;VENTA
07/05/2020;A;25;200;410;VENTA
07/05/2020;B;8;165;300;VENTA
07/05/2020;B;47;165;300;VENTA
07/05/2020;C;47;140;220;VENTA
07/05/2020;C;10;140;220;VENTA
07/05/2020;C;28;140;220;VENTA
08/05/2020;A;6;200;410;VENTA
08/05/2020;A;31;200;410;VENTA
08/05/2020;B;2;165;300;VENTA
08/05/2020;C;35;140;220;VENTA
08/05/2020;C;16;140;220;VENTA
08/05/2020;C;12;140;220;VENTA
08/05/2020;C;7;140;220;VENTA
09/05/2020;A;7;200;410;VENTA
09/05/2020;A;27;200;410;VENTA
09/05/2020;A;14;200;410;VENTA
09/05/2020;A;45;200;410;VENTA
09/05/2020;A;18;200;410;VENTA
09/05/2020;B;16;165;300;VENTA
09/05/2020;C;12;140;220;VENTA
09/05/2020;C;21;140;220;VENTA
09/05/2020;C;29;140;220;VENTA
09/05/2020;C;80;140;220;VENTA
09/05/2020;C;34;140;220;VENTA
10/05/2020;A;50;200;410;VENTA
10/05/2020;A;38;200;410;VENTA
10/05/2020;A;39;200;410;VENTA
10/05/2020;A;6;200;410;VENTA
10/05/2020;A;46;200;410;VENTA
10/05/2020;A;46;200;410;VENTA
10/05/2020;B;18;165;300;VENTA
10/05/2020;C;50;140;220;VENTA
10/05/2020;C;47;140;220;VENTA
10/05/2020;C;39;140;220;VENTA
11/05/2020;B;2;165;300;VENTA
11/05/2020;B;40;165;300;VENTA
11/05/2020;C;48;140;220;VENTA
12/05/2020;A;10;200;410;VENTA
12/05/2020;A;13;200;410;VENTA
12/05/2020;A;46;200;410;VENTA
12/05/2020;A;39;200;410;VENTA
12/05/2020;B;24;165;300;VENTA
12/05/2020;C;49;140;220;VENTA
13/05/2020;A;43;200;410;VENTA
13/05/2020;A;4;200;410;VENTA
13/05/2020;A;25;200;410;VENTA
13/05/2020;A;36;200;410;VENTA
13/05/2020;A;12;200;410;VENTA
13/05/2020;C;9;140;220;VENTA
13/05/2020;C;6;140;220;VENTA
14/05/2020;A;41;200;410;VENTA
14/05/2020;B;34;165;300;VENTA
14/05/2020;C;42;140;220;VENTA
14/05/2020;C;25;140;220;VENTA
14/05/2020;C;11;140;220;VENTA
14/05/2020;C;58;140;220;VENTA
15/05/2020;A;48;200;410;VENTA
15/05/2020;A;48;200;410;VENTA
15/05/2020;A;27;200;410;VENTA
15/05/2020;B;5;165;300;Defectuoso
15/05/2020;B;25;165;300;VENTA
15/05/2020;C;15;140;220;VENTA
15/05/2020;C;24;140;220;VENTA
15/05/2020;C;26;140;220;VENTA
15/05/2020;C;58;140;220;VENTA
15/05/2020;C;80;140;220;VENTA
15/05/2020;C;77;140;220;VENTA
16/05/2020;A;16;200;410;VENTA
16/05/2020;A;44;200;410;VENTA
16/05/2020;A;3;200;410;VENTA
16/05/2020;B;50;165;300;VENTA
16/05/2020;C;45;140;220;VENTA
16/05/2020;C;15;140;220;VENTA
16/05/2020;C;6;140;220;VENTA
16/05/2020;C;29;140;220;VENTA
16/05/2020;C;42;140;220;VENTA
16/05/2020;C;45;140;220;VENTA
16/05/2020;C;71;140;220;VENTA
17/05/2020;A;31;200;410;VENTA
17/05/2020;A;22;200;410;VENTA
17/05/2020;B;39;165;300;VENTA
17/05/2020;B;4;165;300;VENTA
17/05/2020;B;5;165;300;VENTA
17/05/2020;B;15;165;300;VENTA
17/05/2020;B;1;165;300;VENTA
17/05/2020;C;5;140;220;VENTA
17/05/2020;C;24;140;220;VENTA
17/05/2020;C;58;140;220;VENTA
18/05/2020;A;30;200;410;VENTA
18/05/2020;C;39;140;220;VENTA
19/05/2020;A;31;200;410;VENTA
19/05/2020;A;11;200;410;VENTA
19/05/2020;A;21;200;410;VENTA
19/05/2020;B;34;165;300;VENTA
19/05/2020;B;48;165;300;VENTA
19/05/2020;B;44;165;300;VENTA
19/05/2020;B;5;165;300;VENTA
19/05/2020;B;7;165;300;VENTA
19/05/2020;C;6;140;220;VENTA
19/05/2020;C;50;140;220;VENTA
19/05/2020;C;26;140;220;VENTA
19/05/2020;C;60;140;220;VENTA
19/05/2020;C;55;140;220;VENTA
20/05/2020;A;47;200;410;VENTA
20/05/2020;A;39;200;410;VENTA
20/05/2020;B;5;165;300;VENTA
20/05/2020;C;25;140;220;VENTA
21/05/2020;A;20;200;410;VENTA
21/05/2020;B;17;165;300;VENTA
21/05/2020;C;37;140;220;VENTA
21/05/2020;C;43;140;220;VENTA
21/05/2020;C;36;140;220;VENTA
21/05/2020;C;1;140;220;VENTA
21/05/2020;C;36;140;220;VENTA
21/05/2020;C;80;140;220;VENTA
22/05/2020;A;6;200;410;VENTA
22/05/2020;B;26;165;300;VENTA
22/05/2020;C;9;140;220;VENTA
22/05/2020;C;12;140;220;VENTA
22/05/2020;C;62;140;220;VENTA
23/05/2020;A;16;200;410;VENTA
23/05/2020;A;3;200;410;VENTA
23/05/2020;A;40;200;410;VENTA
23/05/2020;A;9;200;410;VENTA
23/05/2020;B;10;165;300;VENTA
23/05/2020;C;25;140;220;VENTA
23/05/2020;C;7;140;220;VENTA
23/05/2020;C;32;140;220;VENTA
23/05/2020;C;29;140;220;VENTA
24/05/2020;B;42;165;300;VENTA
24/05/2020;B;27;165;300;VENTA
24/05/2020;C;32;140;220;VENTA
24/05/2020;C;25;140;220;VENTA
24/05/2020;C;49;140;220;VENTA
24/05/2020;C;19;140;220;VENTA
24/05/2020;C;6;140;220;VENTA
24/05/2020;C;17;140;220;VENTA
25/05/2020;B;23;165;300;VENTA
25/05/2020;B;28;165;300;VENTA
25/05/2020;C;31;140;220;VENTA
26/05/2020;A;50;200;410;VENTA
26/05/2020;A;32;200;410;VENTA
26/05/2020;A;33;200;410;VENTA
26/05/2020;A;28;200;410;VENTA
26/05/2020;A;21;200;410;VENTA
26/05/2020;B;6;165;300;VENTA
26/05/2020;C;47;140;220;VENTA
26/05/2020;C;15;140;220;VENTA
26/05/2020;C;63;140;220;VENTA
27/05/2020;A;45;200;410;VENTA
27/05/2020;B;35;165;300;VENTA
27/05/2020;B;4;165;300;VENTA
27/05/2020;C;39;140;220;VENTA
27/05/2020;C;20;140;220;VENTA
27/05/2020;C;29;140;220;VENTA
27/05/2020;C;19;140;220;VENTA
27/05/2020;C;23;140;220;VENTA
28/05/2020;A;50;200;410;VENTA
28/05/2020;A;7;200;410;DEFECTUOSO
28/05/2020;B;33;165;300;VENTA
28/05/2020;C;23;140;220;VENTA
30/05/2020;C;48;140;220;VENTA
01/06/2020;A;2;200;410;VENTA
01/06/2020;A;27;200;410;VENTA
01/06/2020;A;11;200;410;VENTA
01/06/2020;B;37;165;300;VENTA
01/06/2020;B;12;165;300;VENTA
01/06/2020;C;42;140;220;VENTA
01/06/2020;C;17;140;220;VENTA
01/06/2020;C;64;140;220;VENTA
01/06/2020;C;71;140;220;VENTA
02/06/2020;A;41;200;410;VENTA
02/06/2020;A;33;200;410;VENTA
02/06/2020;B;44;165;300;VENTA
02/06/2020;B;43;165;300;VENTA
02/06/2020;C;13;140;220;VENTA
02/06/2020;C;38;140;220;VENTA
03/06/2020;A;25;200;410;VENTA
03/06/2020;B;24;165;300;VENTA
03/06/2020;B;46;165;300;VENTA
03/06/2020;B;28;165;300;VENTA
03/06/2020;B;48;165;300;VENTA
03/06/2020;C;39;140;220;VENTA
03/06/2020;C;32;140;220;VENTA
03/06/2020;C;25;140;220;VENTA
03/06/2020;C;55;140;220;VENTA
04/06/2020;A;9;200;410;VENTA
04/06/2020;A;7;200;410;VENTA
04/06/2020;A;41;200;410;VENTA
04/06/2020;C;13;140;220;VENTA
04/06/2020;C;4;140;220;VENTA
04/06/2020;C;5;140;220;VENTA
04/06/2020;C;45;140;220;VENTA
04/06/2020;C;15;140;220;VENTA
04/06/2020;C;8;140;220;VENTA
04/06/2020;C;30;140;220;VENTA
04/06/2020;C;12;140;220;VENTA
04/06/2020;C;54;140;220;VENTA
04/06/2020;C;74;140;220;VENTA
04/06/2020;C;70;140;220;VENTA
05/06/2020;A;16;200;410;VENTA
05/06/2020;B;6;165;300;VENTA
05/06/2020;B;41;165;300;VENTA
05/06/2020;C;2;140;220;VENTA
05/06/2020;C;46;140;220;VENTA
05/06/2020;C;48;140;220;VENTA
05/06/2020;C;33;140;220;VENTA
05/06/2020;C;36;140;220;VENTA
06/06/2020;A;8;200;410;VENTA
06/06/2020;A;22;200;410;VENTA
06/06/2020;B;2;165;300;VENTA
06/06/2020;B;22;165;300;VENTA
06/06/2020;B;10;165;300;VENTA
06/06/2020;B;48;165;300;VENTA
06/06/2020;C;13;140;220;VENTA
06/06/2020;C;24;140;220;VENTA
06/06/2020;C;15;140;220;VENTA
06/06/2020;C;62;140;220;VENTA
07/06/2020;A;42;200;410;VENTA
07/06/2020;A;4;200;410;VENTA
07/06/2020;B;4;165;300;VENTA
07/06/2020;C;3;140;220;VENTA
07/06/2020;C;25;140;220;VENTA
07/06/2020;C;41;140;220;VENTA
08/06/2020;A;39;200;410;VENTA
08/06/2020;A;37;200;410;VENTA
08/06/2020;A;36;200;410;VENTA
08/06/2020;B;21;165;300;VENTA
08/06/2020;B;25;165;300;VENTA
08/06/2020;B;26;165;300;VENTA
08/06/2020;C;35;140;220;VENTA
08/06/2020;C;26;140;220;VENTA
08/06/2020;C;15;140;220;VENTA
09/06/2020;A;18;200;410;VENTA
09/06/2020;A;28;200;410;VENTA
09/06/2020;C;44;140;220;VENTA
10/06/2020;A;18;200;410;VENTA
10/06/2020;B;21;165;300;VENTA
10/06/2020;C;24;140;220;VENTA
10/06/2020;C;46;140;220;VENTA
10/06/2020;C;5;140;220;VENTA
10/06/2020;C;17;140;220;VENTA
11/06/2020;A;3;200;410;VENTA
11/06/2020;B;20;165;300;VENTA
11/06/2020;C;16;140;220;VENTA
11/06/2020;C;18;140;220;VENTA
11/06/2020;C;40;140;220;VENTA
11/06/2020;C;48;140;220;VENTA
11/06/2020;C;41;140;220;VENTA
12/06/2020;A;35;200;410;VENTA
12/06/2020;A;24;200;410;VENTA
12/06/2020;B;34;165;300;VENTA
12/06/2020;B;3;165;300;VENTA
12/06/2020;B;33;165;300;VENTA
12/06/2020;C;6;140;220;VENTA
12/06/2020;C;2;140;220;VENTA
13/06/2020;A;50;200;410;VENTA
13/06/2020;A;29;200;410;VENTA
13/06/2020;A;44;200;410;VENTA
13/06/2020;A;17;200;410;VENTA
13/06/2020;A;46;200;410;VENTA
13/06/2020;B;1;165;300;VENTA
13/06/2020;B;2;165;300;VENTA
13/06/2020;B;8;165;300;VENTA
13/06/2020;C;12;140;220;VENTA
13/06/2020;C;62;140;220;VENTA
14/06/2020;A;19;200;410;VENTA
14/06/2020;A;18;200;410;VENTA
14/06/2020;B;16;165;300;VENTA
14/06/2020;B;23;165;300;VENTA
14/06/2020;B;11;165;300;VENTA
14/06/2020;C;18;140;220;VENTA
14/06/2020;C;75;140;220;VENTA
14/06/2020;C;77;140;220;VENTA
15/06/2020;A;12;200;410;VENTA
15/06/2020;B;42;165;300;VENTA
15/06/2020;B;36;165;300;VENTA
15/06/2020;B;2;165;300;VENTA
15/06/2020;B;5;165;300;VENTA
15/06/2020;C;36;140;220;VENTA
15/06/2020;C;43;140;220;VENTA
15/06/2020;C;72;140;220;VENTA
16/06/2020;A;18;200;410;VENTA
16/06/2020;B;3;165;300;VENTA
16/06/2020;C;10;140;220;VENTA
16/06/2020;C;27;140;220;VENTA
16/06/2020;C;71;140;220;VENTA
17/06/2020;A;50;200;410;VENTA
17/06/2020;A;20;200;410;VENTA
17/06/2020;A;9;200;410;VENTA
17/06/2020;A;25;200;410;VENTA
17/06/2020;B;8;165;300;VENTA
17/06/2020;B;20;165;300;VENTA
17/06/2020;B;20;165;300;VENTA
17/06/2020;C;4;140;220;VENTA
17/06/2020;C;12;140;220;VENTA
18/06/2020;A;26;200;410;VENTA
18/06/2020;B;33;165;300;VENTA
18/06/2020;B;19;165;300;VENTA
18/06/2020;B;44;165;300;VENTA
18/06/2020;B;43;165;300;VENTA
18/06/2020;C;39;140;220;VENTA
18/06/2020;C;17;140;220;VENTA
18/06/2020;C;10;140;220;VENTA
19/06/2020;A;34;200;410;VENTA
19/06/2020;B;5;165;300;VENTA
19/06/2020;B;9;165;300;DEFECTUOSO
19/06/2020;B;29;165;300;VENTA
19/06/2020;B;26;165;300;VENTA
19/06/2020;C;45;140;220;VENTA
19/06/2020;C;78;140;220;VENTA
19/06/2020;C;70;140;220;VENTA
20/06/2020;A;45;200;410;VENTA
20/06/2020;B;34;165;300;VENTA
20/06/2020;B;15;165;300;VENTA
20/06/2020;C;14;140;220;VENTA
20/06/2020;C;7;140;220;VENTA
20/06/2020;C;4;140;220;VENTA
20/06/2020;C;24;140;220;VENTA
20/06/2020;C;72;140;220;VENTA
21/06/2020;A;31;200;410;VENTA
21/06/2020;A;31;200;410;VENTA
21/06/2020;A;14;200;410;VENTA
21/06/2020;C;24;140;220;VENTA
21/06/2020;C;12;140;220;VENTA
21/06/2020;C;35;140;220;VENTA
22/06/2020;A;35;200;410;VENTA
22/06/2020;A;5;200;410;VENTA
22/06/2020;A;36;200;410;VENTA
22/06/2020;A;29;200;410;VENTA
22/06/2020;A;30;200;410;VENTA
22/06/2020;B;34;165;300;VENTA
22/06/2020;C;65;140;220;VENTA
23/06/2020;A;44;200;410;VENTA
23/06/2020;B;41;165;300;VENTA
23/06/2020;C;21;140;220;VENTA
23/06/2020;C;23;140;220;VENTA
23/06/2020;C;15;140;220;VENTA
23/06/2020;C;30;140;220;VENTA
23/06/2020;C;15;140;220;VENTA
23/06/2020;C;56;140;220;VENTA
24/06/2020;A;8;200;410;VENTA
24/06/2020;A;40;200;410;VENTA
24/06/2020;B;4;165;300;VENTA
24/06/2020;B;48;165;300;VENTA
24/06/2020;C;15;140;220;VENTA
24/06/2020;C;12;140;220;VENTA
25/06/2020;A;40;200;410;VENTA
25/06/2020;B;42;165;300;VENTA
25/06/2020;C;14;140;220;VENTA
25/06/2020;C;4;140;220;VENTA
25/06/2020;C;10;140;220;VENTA
25/06/2020;C;84;140;220;VENTA
26/06/2020;A;32;200;410;VENTA
26/06/2020;A;43;200;410;VENTA
26/06/2020;B;19;165;300;VENTA
26/06/2020;C;55;140;220;VENTA
26/06/2020;C;78;140;220;VENTA
27/06/2020;A;50;200;410;VENTA
27/06/2020;B;37;165;300;VENTA
27/06/2020;B;44;165;300;VENTA
27/06/2020;C;8;140;220;VENTA
27/06/2020;C;3;140;220;VENTA
27/06/2020;C;18;140;220;VENTA
27/06/2020;C;2;140;220;VENTA
28/06/2020;A;7;200;410;VENTA
28/06/2020;A;8;200;410;VENTA
28/06/2020;A;10;200;410;VENTA
28/06/2020;B;18;165;300;VENTA
28/06/2020;B;14;165;300;VENTA
28/06/2020;C;30;140;220;VENTA
28/06/2020;C;43;140;220;VENTA
28/06/2020;C;59;140;220;VENTA
01/07/2020;A;16;200;410;VENTA
01/07/2020;B;2;165;300;VENTA
01/07/2020;B;18;165;300;VENTA
01/07/2020;B;23;165;300;VENTA
01/07/2020;C;15;140;220;VENTA
01/07/2020;C;10;140;220;VENTA
01/07/2020;C;2;140;220;VENTA
01/07/2020;C;1;140;220;VENTA
01/07/2020;C;27;140;220;VENTA
01/07/2020;C;78;140;220;VENTA
02/07/2020;A;41;200;410;VENTA
02/07/2020;C;7;140;220;VENTA
02/07/2020;C;34;140;220;VENTA
02/07/2020;C;12;140;220;VENTA
02/07/2020;C;81;140;220;VENTA
02/07/2020;C;48;140;220;VENTA
02/07/2020;C;64;140;220;VENTA
03/07/2020;A;33;200;410;VENTA
03/07/2020;A;45;200;410;VENTA
03/07/2020;A;27;200;410;VENTA
03/07/2020;B;21;165;300;VENTA
03/07/2020;B;22;165;300;VENTA
03/07/2020;C;15;140;220;VENTA
03/07/2020;C;47;140;220;VENTA
03/07/2020;C;23;140;220;VENTA
03/07/2020;C;65;140;220;VENTA
04/07/2020;A;13;200;410;VENTA
04/07/2020;A;23;200;410;VENTA
04/07/2020;A;38;200;410;VENTA
04/07/2020;B;44;165;300;VENTA
04/07/2020;C;68;140;220;VENTA
04/07/2020;C;62;140;220;VENTA
05/07/2020;A;23;200;410;VENTA
05/07/2020;A;32;200;410;VENTA
05/07/2020;B;39;165;300;VENTA
05/07/2020;B;33;165;300;VENTA
05/07/2020;C;43;140;220;VENTA
05/07/2020;C;31;140;220;VENTA
06/07/2020;A;3;200;410;VENTA
06/07/2020;A;45;200;410;VENTA
06/07/2020;B;31;165;300;VENTA
06/07/2020;B;46;165;300;VENTA
06/07/2020;B;12;165;300;VENTA
06/07/2020;C;84;140;220;VENTA
07/07/2020;A;4;200;410;VENTA
07/07/2020;A;17;200;410;VENTA
07/07/2020;A;3;200;410;VENTA
07/07/2020;B;43;165;300;VENTA
07/07/2020;B;25;165;300;VENTA
07/07/2020;C;9;140;220;DEFECTUOSO
07/07/2020;C;41;140;220;VENTA
08/07/2020;A;45;200;410;VENTA
08/07/2020;A;37;200;410;VENTA
08/07/2020;B;10;165;300;VENTA
08/07/2020;C;22;140;220;VENTA
08/07/2020;C;5;140;220;VENTA
09/07/2020;A;21;200;410;VENTA
09/07/2020;B;17;165;300;VENTA
09/07/2020;B;37;165;300;VENTA
09/07/2020;C;37;140;220;VENTA
10/07/2020;A;10;200;410;VENTA
10/07/2020;A;35;200;410;VENTA
10/07/2020;A;24;200;410;VENTA
10/07/2020;A;33;200;410;VENTA
10/07/2020;B;40;165;300;VENTA
10/07/2020;C;81;140;220;VENTA
10/07/2020;C;53;140;220;VENTA
11/07/2020;A;15;200;410;VENTA
11/07/2020;B;39;165;300;VENTA
11/07/2020;C;6;140;220;VENTA
11/07/2020;C;18;140;220;VENTA
12/07/2020;C;74;140;220;VENTA
13/07/2020;A;21;200;410;DEFECTUOSO
13/07/2020;A;23;200;410;VENTA
13/07/2020;B;46;165;300;VENTA
13/07/2020;B;14;165;300;VENTA
13/07/2020;B;41;165;300;VENTA
13/07/2020;B;14;165;300;VENTA
13/07/2020;C;12;140;220;VENTA
13/07/2020;C;33;140;220;VENTA
14/07/2020;B;35;165;300;VENTA
14/07/2020;C;5;140;220;VENTA
14/07/2020;C;43;140;220;VENTA
15/07/2020;A;35;200;410;VENTA
15/07/2020;A;8;200;410;VENTA
15/07/2020;C;16;140;220;VENTA
15/07/2020;C;46;140;220;VENTA
15/07/2020;C;35;140;220;VENTA
16/07/2020;A;25;200;410;VENTA
16/07/2020;A;19;200;410;VENTA
16/07/2020;A;12;200;410;VENTA
16/07/2020;A;21;200;410;VENTA
16/07/2020;A;18;200;410;VENTA
16/07/2020;A;45;200;410;VENTA
16/07/2020;B;48;165;300;VENTA
16/07/2020;C;70;140;220;VENTA
17/07/2020;B;15;165;300;VENTA
17/07/2020;C;5;140;220;VENTA
18/07/2020;A;40;200;410;VENTA
18/07/2020;A;39;200;410;VENTA
18/07/2020;A;39;200;410;VENTA
18/07/2020;A;23;200;410;VENTA
18/07/2020;B;32;165;300;VENTA
18/07/2020;C;33;140;220;VENTA
18/07/2020;C;30;140;220;VENTA
18/07/2020;C;18;140;220;VENTA
19/07/2020;A;4;200;410;VENTA
19/07/2020;A;48;200;410;VENTA
19/07/2020;A;39;200;410;VENTA
19/07/2020;A;27;200;410;VENTA
19/07/2020;B;11;165;300;VENTA
19/07/2020;B;20;165;300;VENTA
19/07/2020;C;27;140;220;VENTA
19/07/2020;C;14;140;220;VENTA
19/07/2020;C;60;140;220;VENTA
19/07/2020;C;65;140;220;VENTA
19/07/2020;C;19;140;220;VENTA
20/07/2020;A;10;200;410;VENTA
20/07/2020;C;2;140;220;VENTA
20/07/2020;C;17;140;220;VENTA
21/07/2020;A;34;200;410;VENTA
21/07/2020;A;26;200;410;VENTA
21/07/2020;A;33;200;410;VENTA
21/07/2020;A;14;200;410;VENTA
21/07/2020;B;32;165;300;VENTA
21/07/2020;B;24;165;300;VENTA
21/07/2020;B;2;165;300;VENTA
21/07/2020;C;19;140;220;VENTA
21/07/2020;C;60;140;220;VENTA
22/07/2020;A;17;200;410;VENTA
22/07/2020;A;4;200;410;VENTA
22/07/2020;C;26;140;220;VENTA
22/07/2020;C;22;140;220;VENTA
23/07/2020;A;38;200;410;VENTA
23/07/2020;B;14;165;300;VENTA
23/07/2020;B;44;165;300;VENTA
23/07/2020;B;18;165;300;VENTA
23/07/2020;B;18;165;300;VENTA
23/07/2020;C;19;140;220;VENTA
23/07/2020;C;45;140;220;VENTA
23/07/2020;C;49;140;220;VENTA
23/07/2020;C;76;140;220;VENTA
24/07/2020;A;20;200;410;VENTA
24/07/2020;A;11;200;410;VENTA
24/07/2020;A;6;200;410;VENTA
24/07/2020;A;27;200;410;VENTA
24/07/2020;B;33;165;300;VENTA
24/07/2020;B;50;165;300;VENTA
24/07/2020;C;25;140;220;VENTA
24/07/2020;C;64;140;220;VENTA
24/07/2020;C;83;140;220;VENTA
25/07/2020;A;1;200;410;VENTA
25/07/2020;A;47;200;410;VENTA
25/07/2020;B;36;165;300;VENTA
25/07/2020;C;11;140;220;VENTA
25/07/2020;C;83;140;220;VENTA
25/07/2020;C;26;140;220;VENTA
25/07/2020;C;79;140;220;VENTA
26/07/2020;A;44;200;410;VENTA
26/07/2020;B;5;165;300;VENTA
26/07/2020;C;41;140;220;VENTA
26/07/2020;C;69;140;220;VENTA
27/07/2020;A;16;200;410;VENTA
27/07/2020;B;29;165;300;VENTA
27/07/2020;B;29;165;300;VENTA
27/07/2020;C;46;140;220;VENTA
27/07/2020;C;17;140;220;VENTA
27/07/2020;C;28;140;220;VENTA
27/07/2020;C;28;140;220;VENTA
28/07/2020;A;50;200;410;VENTA
28/07/2020;A;8;200;410;VENTA
28/07/2020;B;47;165;300;VENTA
28/07/2020;C;3;140;220;VENTA
01/08/2020;A;1;200;410;VENTA
01/08/2020;B;22;165;300;VENTA
01/08/2020;B;22;165;300;VENTA
01/08/2020;B;50;165;300;VENTA
01/08/2020;C;35;140;220;VENTA
01/08/2020;C;11;140;220;VENTA
01/08/2020;C;41;140;220;VENTA
01/08/2020;C;17;140;220;VENTA
02/08/2020;A;6;200;410;VENTA
02/08/2020;B;17;165;300;VENTA
02/08/2020;B;32;165;300;VENTA
02/08/2020;C;35;140;220;VENTA
02/08/2020;C;41;140;220;VENTA
02/08/2020;C;23;140;220;VENTA
03/08/2020;B;31;165;300;VENTA
04/08/2020;A;8;200;410;VENTA
04/08/2020;A;7;200;410;VENTA
04/08/2020;C;49;140;220;VENTA
04/08/2020;C;25;140;220;VENTA
04/08/2020;C;17;140;220;VENTA
04/08/2020;C;40;140;220;VENTA
05/08/2020;A;11;200;410;VENTA
05/08/2020;A;12;200;410;VENTA
05/08/2020;B;39;165;300;VENTA
05/08/2020;B;4;165;300;VENTA
05/08/2020;B;50;165;300;VENTA
05/08/2020;C;18;140;220;VENTA
05/08/2020;C;33;140;220;VENTA
05/08/2020;C;61;140;220;VENTA
06/08/2020;A;35;200;410;VENTA
06/08/2020;A;3;200;410;DEFECTUOSO
06/08/2020;A;41;200;410;VENTA
06/08/2020;A;7;200;410;VENTA
06/08/2020;A;31;200;410;VENTA
06/08/2020;B;17;165;300;VENTA
06/08/2020;B;2;165;300;VENTA
06/08/2020;C;35;140;220;VENTA
06/08/2020;C;10;140;220;VENTA
06/08/2020;C;25;140;220;VENTA
07/08/2020;A;47;200;410;VENTA
07/08/2020;A;24;200;410;VENTA
07/08/2020;A;38;200;410;VENTA
07/08/2020;B;43;165;300;VENTA
07/08/2020;B;35;165;300;VENTA
07/08/2020;C;16;140;220;VENTA
07/08/2020;C;35;140;220;VENTA
07/08/2020;C;47;140;220;VENTA
07/08/2020;C;15;140;220;VENTA
07/08/2020;C;34;140;220;VENTA
08/08/2020;A;6;200;410;VENTA
08/08/2020;B;4;165;300;VENTA
08/08/2020;B;9;165;300;VENTA
08/08/2020;B;41;165;300;VENTA
08/08/2020;B;18;165;300;VENTA
08/08/2020;B;32;165;300;VENTA
08/08/2020;B;44;165;300;VENTA
08/08/2020;B;17;165;300;VENTA
08/08/2020;C;50;140;220;VENTA
08/08/2020;C;31;140;220;VENTA
08/08/2020;C;54;140;220;VENTA
09/08/2020;A;26;200;410;VENTA
09/08/2020;A;21;200;410;VENTA
09/08/2020;A;13;200;410;VENTA
09/08/2020;A;3;200;410;VENTA
10/08/2020;A;21;200;410;VENTA
10/08/2020;A;15;200;410;VENTA
10/08/2020;B;33;165;300;VENTA
10/08/2020;B;7;165;300;VENTA
10/08/2020;B;8;165;300;VENTA
10/08/2020;C;9;140;220;VENTA
10/08/2020;C;7;140;220;VENTA
10/08/2020;C;25;140;220;VENTA
10/08/2020;C;50;140;220;VENTA
10/08/2020;C;21;140;220;VENTA
10/08/2020;C;82;140;220;VENTA
11/08/2020;A;18;200;410;VENTA
11/08/2020;A;34;200;410;VENTA
11/08/2020;B;33;165;300;VENTA
11/08/2020;C;9;140;220;VENTA
11/08/2020;C;53;140;220;VENTA
11/08/2020;C;36;140;220;VENTA
12/08/2020;A;42;200;410;VENTA
12/08/2020;B;47;165;300;VENTA
12/08/2020;B;41;165;300;VENTA
12/08/2020;C;20;140;220;VENTA
12/08/2020;C;10;140;220;VENTA
12/08/2020;C;16;140;220;VENTA
13/08/2020;B;7;165;300;VENTA
13/08/2020;B;35;165;300;VENTA
13/08/2020;C;21;140;220;VENTA
13/08/2020;C;26;140;220;VENTA
13/08/2020;C;71;140;220;VENTA
14/08/2020;A;3;200;410;VENTA
14/08/2020;A;26;200;410;VENTA
14/08/2020;A;5;200;410;VENTA
14/08/2020;C;4;140;220;VENTA
14/08/2020;C;37;140;220;VENTA
14/08/2020;C;84;140;220;VENTA
15/08/2020;B;12;165;300;VENTA
15/08/2020;B;42;165;300;VENTA
15/08/2020;C;39;140;220;VENTA
15/08/2020;C;46;140;220;VENTA
16/08/2020;A;13;200;410;VENTA
16/08/2020;A;28;200;410;VENTA
16/08/2020;A;17;200;410;VENTA
16/08/2020;A;32;200;410;VENTA
16/08/2020;B;34;165;300;VENTA
16/08/2020;C;15;140;220;VENTA
16/08/2020;C;8;140;220;VENTA
16/08/2020;C;39;140;220;VENTA
17/08/2020;A;23;200;410;VENTA
17/08/2020;B;11;165;300;VENTA
17/08/2020;B;39;165;300;VENTA
17/08/2020;C;40;140;220;VENTA
17/08/2020;C;42;140;220;VENTA
17/08/2020;C;25;140;220;VENTA
17/08/2020;C;48;140;220;VENTA
18/08/2020;A;6;200;410;DEFECTUOSO
18/08/2020;A;48;200;410;VENTA
18/08/2020;B;48;165;300;VENTA
18/08/2020;C;57;140;220;VENTA
19/08/2020;A;34;200;410;VENTA
19/08/2020;B;48;165;300;VENTA
19/08/2020;B;6;165;300;VENTA
19/08/2020;B;45;165;300;VENTA
19/08/2020;C;20;140;220;VENTA
19/08/2020;C;21;140;220;VENTA
19/08/2020;C;77;140;220;VENTA
20/08/2020;A;26;200;410;VENTA
20/08/2020;A;21;200;410;VENTA
20/08/2020;A;48;200;410;VENTA
20/08/2020;A;45;200;410;VENTA
20/08/2020;A;21;200;410;VENTA
20/08/2020;A;17;200;410;VENTA
20/08/2020;B;9;165;300;VENTA
20/08/2020;B;14;165;300;VENTA
20/08/2020;C;28;140;220;VENTA
20/08/2020;C;7;140;220;VENTA
20/08/2020;C;17;140;220;VENTA
20/08/2020;C;10;140;220;VENTA
20/08/2020;C;46;140;220;VENTA
21/08/2020;A;11;200;410;VENTA
21/08/2020;A;24;200;410;VENTA
21/08/2020;A;23;200;410;VENTA
21/08/2020;B;21;165;300;VENTA
21/08/2020;B;50;165;300;VENTA
21/08/2020;B;37;165;300;VENTA
21/08/2020;C;27;140;220;VENTA
21/08/2020;C;19;140;220;VENTA
21/08/2020;C;11;140;220;VENTA
21/08/2020;C;16;140;220;VENTA
21/08/2020;C;19;140;220;VENTA
21/08/2020;C;47;140;220;VENTA
21/08/2020;C;49;140;220;VENTA
21/08/2020;C;35;140;220;VENTA
22/08/2020;A;33;200;410;VENTA
22/08/2020;B;28;165;300;VENTA
22/08/2020;B;24;165;300;VENTA
22/08/2020;B;17;165;300;VENTA
22/08/2020;B;43;165;300;VENTA
22/08/2020;B;25;165;300;VENTA
22/08/2020;C;39;140;220;VENTA
22/08/2020;C;39;140;220;VENTA
22/08/2020;C;63;140;220;VENTA
23/08/2020;A;10;200;410;VENTA
23/08/2020;B;25;165;300;VENTA
23/08/2020;C;51;140;220;VENTA
24/08/2020;A;8;200;410;VENTA
24/08/2020;A;44;200;410;VENTA
24/08/2020;A;25;200;410;VENTA
24/08/2020;A;29;200;410;VENTA
24/08/2020;A;15;200;410;VENTA
24/08/2020;B;24;165;300;VENTA
24/08/2020;B;23;165;300;VENTA
24/08/2020;B;27;165;300;VENTA
24/08/2020;B;34;165;300;VENTA
24/08/2020;C;27;140;220;VENTA
24/08/2020;C;56;140;220;VENTA
25/08/2020;A;17;200;410;VENTA
25/08/2020;A;44;200;410;VENTA
25/08/2020;B;8;165;300;VENTA
25/08/2020;B;2;165;300;DEFECTUOSO
25/08/2020;C;20;140;220;VENTA
26/08/2020;A;5;200;410;DEFECTUOSO
26/08/2020;A;28;200;410;VENTA
26/08/2020;B;50;165;300;VENTA
26/08/2020;C;6;140;220;VENTA
26/08/2020;C;19;140;220;VENTA
26/08/2020;C;30;140;220;VENTA
26/08/2020;C;17;140;220;VENTA
26/08/2020;C;26;140;220;VENTA
27/08/2020;A;24;200;410;VENTA
27/08/2020;A;31;200;410;VENTA
27/08/2020;B;10;165;300;VENTA
27/08/2020;C;27;140;220;VENTA
27/08/2020;C;12;140;220;VENTA
28/08/2020;A;41;200;410;VENTA
28/08/2020;A;44;200;410;VENTA
28/08/2020;C;10;140;220;VENTA
28/08/2020;C;48;140;220;VENTA
28/08/2020;C;2;140;220;VENTA
28/08/2020;C;78;140;220;VENTA
28/08/2020;C;44;140;220;VENTA
01/09/2020;A;10;200;410;VENTA
01/09/2020;C;4;140;220;VENTA
01/09/2020;C;8;140;220;VENTA
01/09/2020;C;77;140;220;VENTA
01/09/2020;C;62;140;220;VENTA
02/09/2020;B;47;165;300;VENTA
02/09/2020;B;18;165;300;VENTA
02/09/2020;B;15;165;300;VENTA
03/09/2020;C;33;140;220;VENTA
03/09/2020;C;36;140;220;VENTA
03/09/2020;C;39;140;220;VENTA
03/09/2020;C;32;140;220;VENTA
04/09/2020;A;35;200;410;VENTA
04/09/2020;B;8;165;300;VENTA
04/09/2020;C;16;140;220;VENTA
04/09/2020;C;2;140;220;VENTA
04/09/2020;C;10;140;220;VENTA
04/09/2020;C;6;140;220;DEFECTUOSO
04/09/2020;C;62;140;220;VENTA
04/09/2020;C;59;140;220;VENTA
04/09/2020;C;75;140;220;VENTA
05/09/2020;A;4;200;410;VENTA
05/09/2020;C;35;140;220;VENTA
05/09/2020;C;2;140;220;VENTA
06/09/2020;A;31;200;410;VENTA
06/09/2020;B;38;165;300;VENTA
06/09/2020;B;2;165;300;VENTA
06/09/2020;B;38;165;300;VENTA
06/09/2020;C;48;140;220;VENTA
07/09/2020;C;38;140;220;VENTA
07/09/2020;C;32;140;220;VENTA
07/09/2020;C;25;140;220;VENTA
07/09/2020;C;32;140;220;VENTA
07/09/2020;C;16;140;220;VENTA
07/09/2020;C;23;140;220;VENTA
08/09/2020;A;39;200;410;VENTA
08/09/2020;B;7;165;300;VENTA
08/09/2020;B;32;165;300;VENTA
08/09/2020;B;2;165;300;VENTA
08/09/2020;C;14;140;220;VENTA
08/09/2020;C;10;140;220;VENTA
09/09/2020;A;50;200;410;VENTA
09/09/2020;A;5;200;410;VENTA
09/09/2020;B;37;165;300;VENTA
09/09/2020;B;37;165;300;VENTA
09/09/2020;C;11;140;220;VENTA
09/09/2020;C;48;140;220;VENTA
09/09/2020;C;20;140;220;VENTA
09/09/2020;C;40;140;220;VENTA
09/09/2020;C;42;140;220;VENTA
09/09/2020;C;43;140;220;VENTA
10/09/2020;A;16;200;410;VENTA
10/09/2020;A;42;200;410;VENTA
10/09/2020;B;50;165;300;VENTA
10/09/2020;B;18;165;300;VENTA
10/09/2020;C;46;140;220;VENTA
10/09/2020;C;18;140;220;VENTA
10/09/2020;C;21;140;220;VENTA
10/09/2020;C;58;140;220;VENTA
10/09/2020;C;31;140;220;VENTA
11/09/2020;A;41;200;410;VENTA
11/09/2020;B;6;165;300;VENTA
11/09/2020;B;46;165;300;VENTA
11/09/2020;B;50;165;300;VENTA
11/09/2020;B;44;165;300;VENTA
11/09/2020;C;35;140;220;VENTA
12/09/2020;A;50;200;410;VENTA
12/09/2020;A;34;200;410;VENTA
12/09/2020;B;18;165;300;VENTA
12/09/2020;B;39;165;300;VENTA
12/09/2020;C;38;140;220;VENTA
12/09/2020;C;75;140;220;VENTA
13/09/2020;A;19;200;410;VENTA
13/09/2020;A;45;200;410;VENTA
13/09/2020;B;21;165;300;VENTA
13/09/2020;C;40;140;220;VENTA
13/09/2020;C;46;140;220;VENTA
13/09/2020;C;41;140;220;VENTA
14/09/2020;B;40;165;300;VENTA
14/09/2020;B;25;165;300;VENTA
14/09/2020;B;29;165;300;VENTA
14/09/2020;C;36;140;220;VENTA
14/09/2020;C;40;140;220;VENTA
14/09/2020;C;21;140;220;VENTA
14/09/2020;C;19;140;220;VENTA
14/09/2020;C;22;140;220;VENTA
15/09/2020;A;27;200;410;VENTA
15/09/2020;B;49;165;300;VENTA
15/09/2020;B;29;165;300;VENTA
15/09/2020;B;14;165;300;VENTA
15/09/2020;C;49;140;220;VENTA
16/09/2020;A;32;200;410;VENTA
16/09/2020;A;12;200;410;VENTA
16/09/2020;A;15;200;410;VENTA
16/09/2020;A;45;200;410;VENTA
16/09/2020;B;31;165;300;VENTA
16/09/2020;B;42;165;300;VENTA
16/09/2020;C;20;140;220;VENTA
16/09/2020;C;19;140;220;VENTA
16/09/2020;C;10;140;220;VENTA
16/09/2020;C;25;140;220;VENTA
16/09/2020;C;26;140;220;VENTA
16/09/2020;C;41;140;220;VENTA
17/09/2020;A;35;200;410;VENTA
17/09/2020;B;45;165;300;VENTA
17/09/2020;C;17;140;220;VENTA
17/09/2020;C;28;140;220;VENTA
18/09/2020;A;47;200;410;VENTA
18/09/2020;B;19;165;300;VENTA
18/09/2020;B;38;165;300;VENTA
18/09/2020;B;20;165;300;VENTA
18/09/2020;C;34;140;220;VENTA
18/09/2020;C;24;140;220;VENTA
19/09/2020;A;16;200;410;VENTA
19/09/2020;A;37;200;410;VENTA
19/09/2020;A;28;200;410;VENTA
19/09/2020;C;29;140;220;VENTA
19/09/2020;C;23;140;220;VENTA
19/09/2020;C;25;140;220;VENTA
19/09/2020;C;35;140;220;VENTA
20/09/2020;A;5;200;410;VENTA
20/09/2020;B;11;165;300;VENTA
20/09/2020;C;27;140;220;VENTA
20/09/2020;C;21;140;220;VENTA
20/09/2020;C;32;140;220;VENTA
21/09/2020;A;3;200;410;VENTA
21/09/2020;A;11;200;410;VENTA
21/09/2020;B;6;165;300;VENTA
21/09/2020;B;35;165;300;VENTA
21/09/2020;C;41;140;220;VENTA
21/09/2020;C;20;140;220;VENTA
22/09/2020;B;20;165;300;VENTA
22/09/2020;C;19;140;220;VENTA
22/09/2020;C;37;140;220;VENTA
22/09/2020;C;35;140;220;VENTA
22/09/2020;C;28;140;220;VENTA
23/09/2020;A;44;200;410;VENTA
23/09/2020;A;24;200;410;VENTA
23/09/2020;A;31;200;410;VENTA
23/09/2020;B;34;165;300;VENTA
23/09/2020;B;16;165;300;VENTA
23/09/2020;C;30;140;220;VENTA
23/09/2020;C;83;140;220;VENTA
23/09/2020;C;45;140;220;VENTA
24/09/2020;A;21;200;410;VENTA
24/09/2020;B;30;165;300;VENTA
24/09/2020;B;10;165;300;VENTA
25/09/2020;A;32;200;410;VENTA
25/09/2020;A;22;200;410;VENTA
25/09/2020;B;39;165;300;VENTA
25/09/2020;C;48;140;220;VENTA
25/09/2020;C;44;140;220;VENTA
25/09/2020;C;34;140;220;VENTA
25/09/2020;C;84;140;220;VENTA
26/09/2020;B;1;165;300;VENTA
26/09/2020;C;37;140;220;VENTA
26/09/2020;C;15;140;220;VENTA
26/09/2020;C;38;140;220;VENTA
26/09/2020;C;43;140;220;VENTA
26/09/2020;C;27;140;220;VENTA
26/09/2020;C;19;140;220;VENTA
27/09/2020;A;40;200;410;VENTA
27/09/2020;A;50;200;410;VENTA
27/09/2020;B;3;165;300;VENTA
27/09/2020;B;20;165;300;VENTA
27/09/2020;C;42;140;220;VENTA
27/09/2020;C;40;140;220;VENTA
27/09/2020;C;48;140;220;VENTA
28/09/2020;B;21;165;300;VENTA
28/09/2020;B;12;165;300;VENTA
28/09/2020;B;36;165;300;VENTA
28/09/2020;C;33;140;220;VENTA
01/10/2020;A;14;200;410;VENTA
01/10/2020;A;10;200;410;VENTA
01/10/2020;A;49;200;410;VENTA
01/10/2020;A;8;200;410;VENTA
01/10/2020;B;40;165;300;VENTA
01/10/2020;C;6;140;220;VENTA
01/10/2020;C;39;140;220;VENTA
02/10/2020;A;41;200;410;VENTA
02/10/2020;A;1;200;410;DEFECTUOSO
02/10/2020;B;43;165;300;VENTA
02/10/2020;B;22;165;300;VENTA
02/10/2020;B;35;165;300;VENTA
02/10/2020;B;33;165;300;VENTA
02/10/2020;B;16;165;300;VENTA
02/10/2020;B;23;165;300;VENTA
02/10/2020;B;35;165;300;VENTA
02/10/2020;C;28;140;220;VENTA
02/10/2020;C;74;140;220;VENTA
03/10/2020;A;15;200;410;VENTA
03/10/2020;A;5;200;410;VENTA
03/10/2020;B;26;165;300;VENTA
03/10/2020;B;46;165;300;VENTA
03/10/2020;C;14;140;220;VENTA
03/10/2020;C;56;140;220;VENTA
04/10/2020;A;9;200;410;VENTA
04/10/2020;A;12;200;410;VENTA
04/10/2020;A;43;200;410;VENTA
04/10/2020;B;39;165;300;VENTA
04/10/2020;C;32;140;220;VENTA
04/10/2020;C;49;140;220;VENTA
05/10/2020;A;39;200;410;VENTA
05/10/2020;A;31;200;410;VENTA
05/10/2020;B;40;165;300;VENTA
05/10/2020;B;21;165;300;VENTA
05/10/2020;C;39;140;220;VENTA
05/10/2020;C;9;140;220;VENTA
05/10/2020;C;3;140;220;VENTA
05/10/2020;C;4;140;220;VENTA
06/10/2020;A;7;200;410;VENTA
06/10/2020;A;37;200;410;VENTA
06/10/2020;B;41;165;300;VENTA
06/10/2020;C;42;140;220;VENTA
06/10/2020;C;26;140;220;VENTA
06/10/2020;C;24;140;220;VENTA
06/10/2020;C;62;140;220;VENTA
06/10/2020;C;49;140;220;VENTA
07/10/2020;A;2;200;410;DEFECTUOSO
07/10/2020;B;13;165;300;VENTA
07/10/2020;B;50;165;300;VENTA
07/10/2020;C;20;140;220;VENTA
07/10/2020;C;43;140;220;VENTA
07/10/2020;C;49;140;220;VENTA
07/10/2020;C;48;140;220;VENTA
07/10/2020;C;20;140;220;VENTA
08/10/2020;A;49;200;410;VENTA
08/10/2020;A;9;200;410;VENTA
08/10/2020;A;4;200;410;VENTA
08/10/2020;A;41;200;410;VENTA
08/10/2020;A;34;200;410;VENTA
08/10/2020;A;28;200;410;VENTA
08/10/2020;B;10;165;300;VENTA
08/10/2020;C;43;140;220;VENTA
08/10/2020;C;44;140;220;VENTA
08/10/2020;C;44;140;220;VENTA
08/10/2020;C;45;140;220;VENTA
08/10/2020;C;32;140;220;VENTA
08/10/2020;C;4;140;220;VENTA
08/10/2020;C;21;140;220;VENTA
09/10/2020;A;48;200;410;VENTA
09/10/2020;B;20;165;300;VENTA
09/10/2020;B;7;165;300;VENTA
09/10/2020;B;7;165;300;VENTA
09/10/2020;B;21;165;300;VENTA
09/10/2020;C;6;140;220;VENTA
09/10/2020;C;38;140;220;VENTA
10/10/2020;B;25;165;300;VENTA
10/10/2020;C;27;140;220;VENTA
10/10/2020;C;8;140;220;VENTA
10/10/2020;C;2;140;220;VENTA
11/10/2020;A;40;200;410;VENTA
11/10/2020;A;14;200;410;VENTA
11/10/2020;B;11;165;300;VENTA
11/10/2020;B;12;165;300;VENTA
11/10/2020;B;21;165;300;VENTA
11/10/2020;C;10;140;220;VENTA
11/10/2020;C;35;140;220;VENTA
11/10/2020;C;16;140;220;VENTA
12/10/2020;A;15;200;410;VENTA
12/10/2020;A;14;200;410;VENTA
12/10/2020;B;8;165;300;VENTA
12/10/2020;B;31;165;300;VENTA
12/10/2020;C;4;140;220;DEFECTUOSO
12/10/2020;C;49;140;220;VENTA
12/10/2020;C;7;140;220;VENTA
12/10/2020;C;44;140;220;VENTA
13/10/2020;A;9;200;410;VENTA
13/10/2020;B;5;165;300;VENTA
13/10/2020;B;16;165;300;VENTA
13/10/2020;B;10;165;300;VENTA
13/10/2020;B;1;165;300;VENTA
13/10/2020;B;28;165;300;VENTA
13/10/2020;C;39;140;220;VENTA
13/10/2020;C;41;140;220;VENTA
13/10/2020;C;46;140;220;VENTA
14/10/2020;B;34;165;300;VENTA
14/10/2020;B;38;165;300;VENTA
14/10/2020;C;48;140;220;VENTA
14/10/2020;C;6;140;220;VENTA
14/10/2020;C;33;140;220;VENTA
14/10/2020;C;44;140;220;VENTA
14/10/2020;C;16;140;220;VENTA
14/10/2020;C;16;140;220;VENTA
15/10/2020;A;7;200;410;VENTA
15/10/2020;A;3;200;410;VENTA
15/10/2020;A;19;200;410;VENTA
15/10/2020;B;5;165;300;VENTA
15/10/2020;B;48;165;300;VENTA
15/10/2020;B;42;165;300;VENTA
15/10/2020;B;42;165;300;VENTA
15/10/2020;C;11;140;220;VENTA
15/10/2020;C;27;140;220;VENTA
16/10/2020;B;3;165;300;VENTA
16/10/2020;B;3;165;300;VENTA
16/10/2020;B;31;165;300;VENTA
16/10/2020;C;28;140;220;VENTA
16/10/2020;C;43;140;220;VENTA
16/10/2020;C;35;140;220;VENTA
16/10/2020;C;44;140;220;VENTA
16/10/2020;C;62;140;220;VENTA
17/10/2020;A;33;200;410;VENTA
17/10/2020;B;31;165;300;VENTA
17/10/2020;C;21;140;220;VENTA
17/10/2020;C;8;140;220;VENTA
17/10/2020;C;57;140;220;VENTA
18/10/2020;B;11;165;300;VENTA
18/10/2020;B;21;165;300;VENTA
18/10/2020;B;10;165;300;VENTA
18/10/2020;C;35;140;220;VENTA
18/10/2020;C;49;140;220;VENTA
19/10/2020;B;35;165;300;VENTA
19/10/2020;C;3;140;220;VENTA
20/10/2020;A;14;200;410;VENTA
20/10/2020;B;3;165;300;VENTA
20/10/2020;B;42;165;300;VENTA
20/10/2020;C;4;140;220;VENTA
20/10/2020;C;37;140;220;VENTA
20/10/2020;C;37;140;220;VENTA
20/10/2020;C;41;140;220;VENTA
20/10/2020;C;11;140;220;VENTA
20/10/2020;C;5;140;220;DEFECTUOSO
20/10/2020;C;61;140;220;VENTA
21/10/2020;A;12;200;410;VENTA
21/10/2020;C;38;140;220;VENTA
22/10/2020;A;43;200;410;VENTA
22/10/2020;A;50;200;410;VENTA
22/10/2020;A;12;200;410;DEFECTUOSO
22/10/2020;B;32;165;300;VENTA
22/10/2020;B;22;165;300;VENTA
22/10/2020;C;12;140;220;VENTA
22/10/2020;C;17;140;220;VENTA
23/10/2020;A;41;200;410;VENTA
23/10/2020;B;12;165;300;VENTA
23/10/2020;B;37;165;300;VENTA
23/10/2020;B;4;165;300;VENTA
23/10/2020;C;13;140;220;VENTA
24/10/2020;A;37;200;410;VENTA
24/10/2020;A;22;200;410;VENTA
24/10/2020;A;37;200;410;VENTA
24/10/2020;B;22;165;300;VENTA
24/10/2020;C;2;140;220;VENTA
24/10/2020;C;37;140;220;VENTA
24/10/2020;C;34;140;220;VENTA
24/10/2020;C;61;140;220;VENTA
25/10/2020;A;9;200;410;VENTA
25/10/2020;A;18;200;410;VENTA
25/10/2020;C;16;140;220;VENTA
26/10/2020;A;13;200;410;VENTA
26/10/2020;B;27;165;300;VENTA
26/10/2020;B;46;165;300;VENTA
26/10/2020;B;10;165;300;VENTA
26/10/2020;C;43;140;220;VENTA
26/10/2020;C;17;140;220;VENTA
26/10/2020;C;19;140;220;VENTA
27/10/2020;A;17;200;410;VENTA
27/10/2020;A;40;200;410;VENTA
27/10/2020;B;3;165;300;VENTA
27/10/2020;B;5;165;300;VENTA
27/10/2020;B;39;165;300;VENTA
27/10/2020;C;9;140;220;VENTA
27/10/2020;C;36;140;220;VENTA
27/10/2020;C;18;140;220;VENTA
27/10/2020;C;31;140;220;VENTA
27/10/2020;C;53;140;220;VENTA
28/10/2020;B;15;165;300;VENTA
28/10/2020;C;47;140;220;VENTA
28/10/2020;C;36;140;220;VENTA
28/10/2020;C;49;140;220;VENTA
28/10/2020;C;8;140;220;VENTA
01/11/2020;A;43;200;410;VENTA
01/11/2020;A;25;200;410;VENTA
01/11/2020;B;14;165;300;VENTA
01/11/2020;C;12;140;220;VENTA
01/11/2020;C;40;140;220;VENTA
01/11/2020;C;9;140;220;VENTA
01/11/2020;C;43;140;220;VENTA
01/11/2020;C;34;140;220;VENTA
01/11/2020;C;63;140;220;VENTA
01/11/2020;C;60;140;220;VENTA
02/11/2020;A;14;200;410;VENTA
02/11/2020;A;28;200;410;VENTA
02/11/2020;B;22;165;300;VENTA
02/11/2020;B;22;165;300;VENTA
02/11/2020;B;36;165;300;VENTA
02/11/2020;B;27;165;300;VENTA
02/11/2020;C;43;140;220;VENTA
02/11/2020;C;40;140;220;VENTA
02/11/2020;C;16;140;220;VENTA
02/11/2020;C;57;140;220;VENTA
03/11/2020;A;14;200;410;VENTA
03/11/2020;A;24;200;410;VENTA
03/11/2020;B;23;165;300;VENTA
03/11/2020;B;6;165;300;DEFECTUOSO
03/11/2020;B;34;165;300;VENTA
03/11/2020;B;15;165;300;VENTA
03/11/2020;B;5;165;300;VENTA
03/11/2020;C;11;140;220;VENTA
03/11/2020;C;100;140;220;DEFECTUOSO
03/11/2020;C;40;140;220;VENTA
03/11/2020;C;34;140;220;VENTA
04/11/2020;A;14;200;410;VENTA
05/11/2020;B;4;165;300;VENTA
05/11/2020;C;6;140;220;VENTA
05/11/2020;C;36;140;220;VENTA
05/11/2020;C;50;140;220;VENTA
06/11/2020;A;29;200;410;VENTA
06/11/2020;B;39;165;300;VENTA
06/11/2020;B;2;165;300;VENTA
06/11/2020;B;28;165;300;VENTA
06/11/2020;B;17;165;300;VENTA
06/11/2020;B;1;165;300;VENTA
06/11/2020;C;9;140;220;VENTA
06/11/2020;C;77;140;220;VENTA
06/11/2020;C;37;140;220;VENTA
07/11/2020;A;39;200;410;VENTA
07/11/2020;B;38;165;300;VENTA
07/11/2020;C;43;140;220;VENTA
07/11/2020;C;3;140;220;VENTA
07/11/2020;C;47;140;220;VENTA
08/11/2020;A;46;200;410;VENTA
08/11/2020;B;37;165;300;VENTA
08/11/2020;B;50;165;300;VENTA
08/11/2020;B;28;165;300;VENTA
09/11/2020;A;31;200;410;VENTA
09/11/2020;A;32;200;410;VENTA
09/11/2020;A;1;200;410;DEFECTUOSO
09/11/2020;A;15;200;410;VENTA
09/11/2020;B;24;165;300;VENTA
09/11/2020;B;15;165;300;VENTA
09/11/2020;B;7;165;300;VENTA
09/11/2020;B;33;165;300;VENTA
09/11/2020;B;23;165;300;VENTA
09/11/2020;B;39;165;300;VENTA
09/11/2020;C;4;140;220;VENTA
10/11/2020;A;50;200;410;VENTA
10/11/2020;A;26;200;410;VENTA
10/11/2020;A;37;200;410;VENTA
10/11/2020;B;30;165;300;VENTA
10/11/2020;B;34;165;300;VENTA
10/11/2020;B;42;165;300;VENTA
10/11/2020;C;9;140;220;VENTA
10/11/2020;C;43;140;220;VENTA
10/11/2020;C;37;140;220;VENTA
10/11/2020;C;48;140;220;VENTA
10/11/2020;C;29;140;220;VENTA
11/11/2020;A;22;200;410;VENTA
11/11/2020;A;30;200;410;VENTA
11/11/2020;A;17;200;410;VENTA
11/11/2020;A;22;200;410;VENTA
11/11/2020;B;20;165;300;VENTA
11/11/2020;C;9;140;220;VENTA
11/11/2020;C;20;140;220;VENTA
11/11/2020;C;76;140;220;VENTA
12/11/2020;A;42;200;410;VENTA
12/11/2020;B;37;165;300;VENTA
12/11/2020;B;42;165;300;VENTA
12/11/2020;C;29;140;220;VENTA
12/11/2020;C;42;140;220;VENTA
13/11/2020;B;41;165;300;VENTA
13/11/2020;B;36;165;300;VENTA
13/11/2020;B;44;165;300;VENTA
13/11/2020;B;9;165;300;VENTA
13/11/2020;C;39;140;220;VENTA
13/11/2020;C;14;140;220;VENTA
13/11/2020;C;34;140;220;VENTA
13/11/2020;C;68;140;220;VENTA
13/11/2020;C;71;140;220;VENTA
13/11/2020;C;55;140;220;VENTA
14/11/2020;A;47;200;410;VENTA
14/11/2020;B;35;165;300;VENTA
14/11/2020;B;23;165;300;VENTA
14/11/2020;B;20;165;300;VENTA
15/11/2020;A;38;200;410;VENTA
15/11/2020;A;44;200;410;VENTA
15/11/2020;A;41;200;410;VENTA
15/11/2020;A;45;200;410;VENTA
15/11/2020;A;33;200;410;VENTA
15/11/2020;B;11;165;300;VENTA
15/11/2020;B;33;165;300;VENTA
15/11/2020;B;44;165;300;VENTA
15/11/2020;B;41;165;300;VENTA
15/11/2020;C;21;140;220;VENTA
15/11/2020;C;65;140;220;VENTA
15/11/2020;C;62;140;220;VENTA
16/11/2020;A;10;200;410;Defec.
16/11/2020;B;18;165;300;VENTA
16/11/2020;B;13;165;300;VENTA
16/11/2020;C;47;140;220;VENTA
16/11/2020;C;39;140;220;VENTA
17/11/2020;B;50;165;300;VENTA
17/11/2020;C;1;140;220;VENTA
17/11/2020;C;36;140;220;VENTA
18/11/2020;A;24;200;410;VENTA
18/11/2020;A;42;200;410;VENTA
18/11/2020;A;17;200;410;VENTA
18/11/2020;B;29;165;300;VENTA
18/11/2020;C;22;140;220;VENTA
18/11/2020;C;32;140;220;VENTA
18/11/2020;C;40;140;220;VENTA
18/11/2020;C;20;140;220;VENTA
19/11/2020;A;37;200;410;VENTA
19/11/2020;A;14;200;410;VENTA
19/11/2020;C;36;140;220;VENTA
19/11/2020;C;50;140;220;VENTA
19/11/2020;C;15;140;220;VENTA
19/11/2020;C;10;140;220;VENTA
20/11/2020;A;29;200;410;VENTA
20/11/2020;A;29;200;410;VENTA
20/11/2020;A;30;200;410;VENTA
20/11/2020;C;47;140;220;VENTA
21/11/2020;A;22;200;410;VENTA
21/11/2020;A;15;200;410;VENTA
21/11/2020;B;32;165;300;VENTA
21/11/2020;B;45;165;300;VENTA
21/11/2020;B;36;165;300;VENTA
21/11/2020;C;22;140;220;VENTA
21/11/2020;C;47;140;220;VENTA
21/11/2020;C;12;140;220;VENTA
22/11/2020;B;5;165;300;VENTA
22/11/2020;C;29;140;220;VENTA
22/11/2020;C;32;140;220;VENTA
22/11/2020;C;10;140;220;VENTA
22/11/2020;C;2;140;220;VENTA
22/11/2020;C;46;140;220;VENTA
22/11/2020;C;42;140;220;VENTA
23/11/2020;A;2;200;410;VENTA
23/11/2020;B;47;165;300;VENTA
23/11/2020;B;45;165;300;VENTA
23/11/2020;C;49;140;220;VENTA
23/11/2020;C;69;140;220;VENTA
23/11/2020;C;63;140;220;VENTA
24/11/2020;A;37;200;410;VENTA
24/11/2020;A;35;200;410;VENTA
24/11/2020;B;8;165;300;DEFECTUOSO
24/11/2020;C;7;140;220;VENTA
24/11/2020;C;34;140;220;VENTA
24/11/2020;C;39;140;220;VENTA
24/11/2020;C;80;140;220;VENTA
25/11/2020;A;46;200;410;VENTA
25/11/2020;A;42;200;410;VENTA
25/11/2020;A;34;200;410;VENTA
25/11/2020;B;42;165;300;VENTA
25/11/2020;C;34;140;220;VENTA
26/11/2020;A;15;200;410;VENTA
26/11/2020;A;28;200;410;VENTA
26/11/2020;A;30;200;410;VENTA
26/11/2020;B;6;165;300;VENTA
26/11/2020;B;17;165;300;VENTA
26/11/2020;B;13;165;300;VENTA
26/11/2020;C;23;140;220;VENTA
26/11/2020;C;60;140;220;VENTA
27/11/2020;A;50;200;410;VENTA
27/11/2020;B;38;165;300;VENTA
27/11/2020;B;10;165;300;VENTA
27/11/2020;C;17;140;220;VENTA
27/11/2020;C;16;140;220;VENTA
27/11/2020;C;46;140;220;VENTA
28/11/2020;A;2;200;410;DEFECTUOSO
28/11/2020;B;1;165;300;DEFECTUOSO
28/11/2020;B;21;165;300;VENTA
28/11/2020;B;3;165;300;VENTA
28/11/2020;C;17;140;220;VENTA
01/12/2020;A;44;200;410;VENTA
01/12/2020;A;35;200;410;VENTA
01/12/2020;A;33;200;410;VENTA
01/12/2020;B;48;165;300;VENTA
01/12/2020;B;44;165;300;VENTA
01/12/2020;B;5;165;300;VENTA
01/12/2020;C;32;140;220;VENTA
02/12/2020;A;42;200;410;VENTA
02/12/2020;B;30;165;300;VENTA
02/12/2020;B;7;165;300;VENTA
02/12/2020;C;46;140;220;VENTA
02/12/2020;C;51;140;220;VENTA
02/12/2020;C;37;140;220;VENTA
02/12/2020;C;70;140;220;VENTA
02/12/2020;C;32;140;220;VENTA
03/12/2020;A;14;200;410;VENTA
03/12/2020;A;29;200;410;VENTA
03/12/2020;A;7;200;410;VENTA
03/12/2020;A;16;200;410;VENTA
03/12/2020;B;8;165;300;VENTA
03/12/2020;C;8;140;220;VENTA
03/12/2020;C;52;140;220;VENTA
04/12/2020;A;2;200;410;VENTA
04/12/2020;B;33;165;300;VENTA
04/12/2020;B;50;165;300;VENTA
04/12/2020;B;35;165;300;VENTA
04/12/2020;C;19;140;220;VENTA
04/12/2020;C;27;140;220;VENTA
04/12/2020;C;32;140;220;VENTA
04/12/2020;C;45;140;220;VENTA
04/12/2020;C;45;140;220;VENTA
04/12/2020;C;22;140;220;VENTA
05/12/2020;A;27;200;410;VENTA
05/12/2020;A;24;200;410;VENTA
05/12/2020;A;29;200;410;VENTA
05/12/2020;A;39;200;410;VENTA
05/12/2020;B;36;165;300;VENTA
05/12/2020;C;69;140;220;VENTA
06/12/2020;A;26;200;410;VENTA
06/12/2020;A;41;200;410;VENTA
06/12/2020;A;4;200;410;VENTA
06/12/2020;A;14;200;410;VENTA
06/12/2020;A;20;200;410;VENTA
06/12/2020;B;33;165;300;VENTA
06/12/2020;C;29;140;220;VENTA
06/12/2020;C;28;140;220;VENTA
06/12/2020;C;42;140;220;VENTA
06/12/2020;C;36;140;220;VENTA
07/12/2020;A;38;200;410;VENTA
07/12/2020;B;15;165;300;VENTA
07/12/2020;B;25;165;300;VENTA
07/12/2020;C;49;140;220;VENTA
07/12/2020;C;5;140;220;VENTA
07/12/2020;C;55;140;220;VENTA
08/12/2020;A;26;200;410;VENTA
08/12/2020;B;24;165;300;VENTA
08/12/2020;B;42;165;300;VENTA
08/12/2020;C;45;140;220;VENTA
08/12/2020;C;18;140;220;VENTA
08/12/2020;C;47;140;220;VENTA
08/12/2020;C;39;140;220;VENTA
09/12/2020;A;24;200;410;VENTA
09/12/2020;B;14;165;300;VENTA
09/12/2020;C;24;140;220;VENTA
09/12/2020;C;11;140;220;VENTA
09/12/2020;C;4;140;220;VENTA
09/12/2020;C;77;140;220;VENTA
09/12/2020;C;64;140;220;VENTA
10/12/2020;A;44;200;410;VENTA
10/12/2020;A;3;200;410;VENTA
10/12/2020;A;10;200;410;VENTA
10/12/2020;C;20;140;220;VENTA
10/12/2020;C;35;140;220;VENTA
10/12/2020;C;76;140;220;VENTA
11/12/2020;A;37;200;410;VENTA
11/12/2020;A;10;200;410;VENTA
11/12/2020;A;41;200;410;VENTA
11/12/2020;A;31;200;410;VENTA
11/12/2020;A;38;200;410;VENTA
11/12/2020;B;28;165;300;VENTA
11/12/2020;C;32;140;220;VENTA
11/12/2020;C;31;140;220;VENTA
11/12/2020;C;47;140;220;VENTA
11/12/2020;C;10;140;220;VENTA
11/12/2020;C;37;140;220;VENTA
12/12/2020;A;14;200;410;VENTA
12/12/2020;A;24;200;410;VENTA
12/12/2020;B;28;165;300;VENTA
12/12/2020;C;37;140;220;VENTA
12/12/2020;C;29;140;220;VENTA
13/12/2020;A;16;200;410;VENTA
13/12/2020;A;21;200;410;VENTA
13/12/2020;A;4;200;410;VENTA
13/12/2020;C;3;140;220;VENTA
14/12/2020;A;33;200;410;VENTA
14/12/2020;B;26;165;300;VENTA
14/12/2020;C;13;140;220;VENTA
14/12/2020;C;37;140;220;VENTA
14/12/2020;C;71;140;220;VENTA
15/12/2020;A;33;200;410;VENTA
15/12/2020;A;43;200;410;VENTA
15/12/2020;A;36;200;410;VENTA
15/12/2020;B;2;165;300;VENTA
15/12/2020;C;26;140;220;VENTA
15/12/2020;C;41;140;220;VENTA
15/12/2020;C;18;140;220;VENTA
16/12/2020;A;26;200;410;VENTA
16/12/2020;A;37;200;410;VENTA
16/12/2020;B;2;165;300;VENTA
16/12/2020;C;45;140;220;VENTA
17/12/2020;A;3;200;410;VENTA
17/12/2020;B;36;165;300;VENTA
17/12/2020;C;17;140;220;VENTA
17/12/2020;C;31;140;220;VENTA
17/12/2020;C;6;140;220;VENTA
17/12/2020;C;17;140;220;VENTA
18/12/2020;A;29;200;410;VENTA
18/12/2020;A;14;200;410;VENTA
18/12/2020;A;1;200;410;VENTA
18/12/2020;A;9;200;410;VENTA
18/12/2020;B;32;165;300;VENTA
18/12/2020;B;29;165;300;VENTA
18/12/2020;C;8;140;220;VENTA
19/12/2020;B;37;165;300;VENTA
19/12/2020;C;24;140;220;VENTA
19/12/2020;C;30;140;220;VENTA
19/12/2020;C;25;140;220;VENTA
19/12/2020;C;32;140;220;VENTA
19/12/2020;C;79;140;220;VENTA
20/12/2020;A;33;200;410;VENTA
20/12/2020;A;31;200;410;VENTA
20/12/2020;A;42;200;410;VENTA
20/12/2020;B;24;165;300;VENTA
20/12/2020;B;31;165;300;VENTA
20/12/2020;B;30;165;300;VENTA
20/12/2020;B;50;165;300;VENTA
20/12/2020;C;49;140;220;VENTA
20/12/2020;C;15;140;220;VENTA
21/12/2020;A;13;200;410;VENTA
21/12/2020;A;44;200;410;VENTA
21/12/2020;B;43;165;300;VENTA
21/12/2020;C;21;140;220;VENTA
21/12/2020;C;50;140;220;VENTA
21/12/2020;C;67;140;220;VENTA
22/12/2020;A;4;200;410;VENTA
22/12/2020;B;11;165;300;VENTA
22/12/2020;B;33;165;300;VENTA
22/12/2020;B;26;165;300;VENTA
22/12/2020;C;50;140;220;VENTA
22/12/2020;C;33;140;220;VENTA
23/12/2020;B;10;165;300;VENTA
23/12/2020;B;8;165;300;VENTA
23/12/2020;C;36;140;220;VENTA
23/12/2020;C;9;140;220;VENTA
23/12/2020;C;25;140;220;VENTA
24/12/2020;A;50;200;410;VENTA
24/12/2020;A;35;200;410;VENTA
24/12/2020;A;24;200;410;VENTA
24/12/2020;B;43;165;300;VENTA
24/12/2020;C;38;140;220;VENTA
24/12/2020;C;42;140;220;VENTA
25/12/2020;A;13;200;410;VENTA
25/12/2020;B;11;165;300;VENTA
25/12/2020;C;16;140;220;VENTA
26/12/2020;A;2;200;410;VENTA
26/12/2020;A;31;200;410;VENTA
26/12/2020;A;14;200;410;VENTA
26/12/2020;A;39;200;410;VENTA
26/12/2020;A;28;200;410;VENTA
26/12/2020;A;4;200;410;DEFECTUOSO
26/12/2020;A;38;200;410;VENTA
26/12/2020;B;7;165;300;VENTA
26/12/2020;B;10;165;300;VENTA
26/12/2020;C;28;140;220;VENTA
26/12/2020;C;31;140;220;VENTA
26/12/2020;C;23;140;220;VENTA
27/12/2020;A;33;200;410;VENTA
27/12/2020;A;26;200;410;VENTA
27/12/2020;B;48;165;300;VENTA
27/12/2020;B;49;165;300;VENTA
27/12/2020;B;45;165;300;VENTA
27/12/2020;B;31;165;300;VENTA
27/12/2020;C;42;140;220;VENTA
27/12/2020;C;25;140;220;VENTA
27/12/2020;C;47;140;220;VENTA
27/12/2020;C;36;140;220;VENTA
27/12/2020;C;37;140;220;VENTA
28/12/2020;A;41;200;410;VENTA
28/12/2020;B;42;165;300;VENTA
28/12/2020;B;42;165;300;VENTA
28/12/2020;B;12;165;300;VENTA
28/12/2020;B;9;165;300;VENTA
28/12/2020;B;46;165;300;VENTA
28/12/2020;B;21;165;300;VENTA
28/12/2020;C;75;140;220;VENTA
04/01/2020;C;10;140;220;DEFECTUOSO
07/01/2020;C;4;140;220;DEFECTUOSO
11/04/2020;C;6;140;220;DEFECTUOSO
06/07/2020;C;90;140;220;DEFECTUOSO
04/09/2020;C;60;140;220;DEFECTUOSO
11/10/2020;C;4;140;220;DEFECTUOSO
23/10/2020;C;5;140;220;DEFECTUOSO
08/11/2020;C;10;140;220;DEFECTUOSO
